Protein,Coefficient (Original),Bootstrapped Mean,95% CI Lower,95% CI Upper,Selection Frequency (%),Significant CI
Q12979,-0.12466332740935265,-0.04983110330450783,-0.075595192666348,-0.027854763152824803,100.0,True
A0A0C4DH43,-0.1218774609303979,-0.049467024538100875,-0.08866515486678492,-0.010455243267826842,99.6,True
A0A1B0GU48,0.12019819588127613,0.048863113811021514,0.011313108093984866,0.08055023987893412,99.8,True
P06213,-0.11219538970130598,-0.0478467594798524,-0.07328393317305743,-0.019531148953089553,100.0,True
F8VRI7,-0.10741165058110802,-0.045887302137668826,-0.07455234205354001,-0.0072839974806967415,99.4,True
E7EQY3,0.09164406581233127,0.04220852150781356,0.008372032371487937,0.06997061046886097,99.8,True
J3QL41,-0.0907172426914587,-0.04249027142416081,-0.07496921658110231,-0.004849619234860419,98.4,True
P04003,-0.08921160144258229,-0.0411050875583181,-0.06353151809428895,-0.009150721807916401,99.8,True
A2A312,-0.0882129706931616,-0.0399907360139423,-0.06273409261318191,-0.010781153322307854,99.8,True
D6RF20,-0.08786565178996301,-0.04050851975061707,-0.06072293613491615,-0.0172240205533997,100.0,True
P05783,0.08629689376445751,0.03966893499235043,0.004236939289140794,0.07148828405297988,99.4,True
Q6UXG2,-0.08541335107478537,-0.040593192690943115,-0.06655103572109361,-0.009819062299187595,99.6,True
E9PN75,-0.08539231908875779,-0.04116330950178896,-0.06427747862963833,-0.015131957103559957,100.0,True
E9PHW9,0.08511672874606958,0.03726255536836128,0.0,0.06551110523416492,97.0,False
Q5VXD3,0.08325389398305423,0.03807906064021777,0.008545509502201794,0.06117048238086311,99.2,True
K7EML7,0.08290667872615809,0.04073467891341933,0.0,0.07233559626140262,96.6,False
A0A4W8ZXM2,0.0788972590281699,0.03525433576030795,0.010500277739697257,0.061046005698381686,99.8,True
M0R1Q1,-0.07710812681291905,-0.037422744035486,-0.05786954971292372,-0.00774080324854067,99.4,True
H0YHE0,0.07545657471386275,0.03350479789737991,0.0,0.062108876883779474,95.39999999999999,False
A0A075B743,-0.07526720965858268,-0.03976319780640264,-0.06778058560644956,-0.011909563817591338,99.4,True
Q5FVE4,0.0752253476471734,0.03937216984903187,0.010547980834496444,0.06886239293327151,99.8,True
Q9NRY4,-0.07445564842449924,-0.03725057027313511,-0.062450300542014406,-0.007286492253755134,99.6,True
A0A2R8YF87,-0.07219338002808695,-0.03666676225807383,-0.06756654485217295,-0.0007015655405927258,97.6,True
A0A0C4DFQ4,-0.06969795812433387,-0.03460942136123122,-0.05732061161361755,-0.011366525430242962,99.8,True
A0A0A0MR89,0.06955097093414132,0.03451793817972645,0.0010588914398040616,0.06542232742473188,98.0,True
Q5JRI1,0.06862867141881449,0.03481129562287637,0.0,0.07168054689530133,92.60000000000001,False
H3BME1,0.06859957495263042,0.032206938202852364,0.001012825801284759,0.05503967498137666,98.0,True
A0A6I8PL17,-0.06795473567326953,-0.033119337374536914,-0.0671569964778273,0.0,95.19999999999999,False
Q9UBB9,-0.06771571468337086,-0.03239691835348565,-0.05151048883664944,-0.007250127324368115,99.8,True
E9PFT6,-0.06719531077668701,-0.03659996547227645,-0.057802394242331856,-0.007399386151042049,99.2,True
O75747,0.06609002475677037,0.029146396830891572,0.0,0.05045262750040595,95.0,False
Q59FY4,0.06514870015524421,0.03221442266402079,0.006040970056127654,0.05007595764169026,99.2,True
C9JF46,0.06302341711058675,0.029180679502243186,0.0,0.05641734210984137,96.39999999999999,False
C9JXK0,0.06300038369835821,0.030662126347480646,0.001536694255256417,0.05994684839756715,98.0,True
Q9ULM0,-0.06243587416125916,-0.036377616040541294,-0.06731874200906653,-0.005134452081150539,98.4,True
A0A6Q8PHD4,0.06086190972591307,0.03439298782113274,0.010093204370178098,0.05257437861052588,99.8,True
B1AHL2,-0.06022856882503295,-0.03449429284203356,-0.06178526913557181,-0.001448163013939794,98.4,True
A0A8I5KWA8,-0.059914598103538566,-0.033884933372637684,-0.04802921974885788,-0.01881366553911377,100.0,True
E7EPK1,-0.05971497539419024,-0.034838635442421634,-0.051412394025446506,-0.014966708106661284,100.0,True
A0A0A0MRE5,-0.05934899407693493,-0.031554588524837716,-0.0649374710198099,0.0,96.39999999999999,False
H3BT15,0.059297694572547896,0.032245086221590606,0.0,0.06611034189003148,96.0,False
E5RJ67,0.05903720478928894,0.03162799644585177,6.25302361765096e-05,0.059236031408928524,97.39999999999999,True
Q7Z7M8,0.05869371179367486,0.03452655861244596,0.011184542167604637,0.05737696331065903,100.0,True
Q9C0F0,0.05791822830290745,0.0324407476232196,0.0,0.058247774146351836,96.0,False
K7EKE5,-0.057806211497057405,-0.03414661532095298,-0.07584228175268157,0.000576468784272286,91.0,False
Q9UP83,0.05730899424081387,0.03346868706553645,0.005761220184160636,0.05787011849682754,99.2,True
Q5T2Z0,0.057042135985632965,0.027571363527375124,0.0,0.05321710662847473,96.39999999999999,False
Q8N5C7,-0.05649932152311697,-0.029731998833543705,-0.055843440507801,0.0,96.39999999999999,False
Q9NVP1,0.056467778069548974,0.029383768784744947,0.0,0.05876531354298822,95.8,False
P25311,0.05621233642328549,0.029788193024091462,0.0011697435396931953,0.05111440121719048,98.0,True
Q8WW59,-0.05619343650342809,-0.032897299465745086,-0.05186371335787483,-0.010694061088528996,99.8,True
Q5JVD6,0.05532542793210856,0.02974146151762027,0.0,0.06521862643473601,95.0,False
C9IYM9,0.05528269546742505,0.030189067056115786,0.0,0.0626183387259036,94.39999999999999,False
Q96BT7,0.05515445212683957,0.03333635461990811,0.0,0.061951770498034506,96.0,False
F8W876,-0.05504843975618808,-0.031302054027693337,-0.056551030324654986,-0.00036629740787967027,97.8,True
E9PAV3,0.05502981592658815,0.03315300818835101,0.005308942781488268,0.058076282552538924,99.6,True
E7EQ06,0.05346366072603277,0.03283886046409929,0.012357220069681988,0.053128497204877424,100.0,True
I3L145,0.053436462569420175,0.029848366509815344,0.0006503161890133373,0.0528150853232667,97.6,True
Q6UXI7,0.05284292424920329,0.03321124595155675,0.00015103728596681148,0.06173113450736368,97.6,True
P02538,-0.052584685433537504,-0.028141181048802158,-0.06739485441463255,0.0,93.2,False
Q5XX13,0.05194115195309116,0.03136456930100537,0.0034432286090235117,0.05888605452827326,99.0,True
A0A6Q8PHG5,0.051873575134743756,0.02734349434523008,0.0,0.04493121371766116,96.2,False
P08294,-0.05081386012990737,-0.030517093690184068,-0.06209194790838798,0.0,93.4,False
A0A804HLE8,0.0505783897815075,0.026494950912796866,0.0,0.05648638497316851,92.80000000000001,False
Q96NG3,-0.050513255626020416,-0.03264076448422444,-0.04690692082905726,-0.01605492312715874,100.0,True
A0A804HHU0,0.04999897554916824,0.02705254314820887,0.0,0.052399202259461944,94.39999999999999,False
Q9H8V3,-0.049912298233439005,-0.031178723725736386,-0.056702376317657836,-0.003228205602981363,99.4,True
P02743,-0.04989148989143165,-0.03188163675815384,-0.05552698358176653,-0.0024607364028285785,98.8,True
G3V1Q5,-0.04976690809669436,-0.027419224284700047,-0.052927330552126464,0.0,93.4,False
Q9Y3P9,-0.04932964916220348,-0.02665500292869673,-0.0537328293193434,0.0,91.0,False
P35609,-0.04927739063994016,-0.029623012670644405,-0.04784596355256958,-0.004601697476042493,98.6,True
A0A0A0MT36,0.04920656334200922,0.028419318856989256,0.0,0.06694871140012239,94.19999999999999,False
A0A0G2JN36,-0.04864978234823859,-0.03045949973704745,-0.05251563698149487,-0.006103198935147697,99.4,True
C9JU00,-0.04845810693425523,-0.030782841564221085,-0.05726105367943627,-0.0004767060416618716,97.6,True
J3KRP9,0.048244883572811516,0.024094994790832564,0.0,0.041879083485011404,90.4,False
P02741,-0.04770068358294835,-0.024119475450150148,-0.06123728281067663,0.002368831962993356,89.0,False
A0A3B3ITG1,0.04768050953143241,0.023780918111425273,0.0,0.05846294888416391,91.0,False
B1AKR3,-0.047576310643123704,-0.02692678976242016,-0.046840442985592014,-0.0032467510138093716,99.0,True
O60610,0.04742247161613717,0.028188623645186726,0.0,0.06420961003312196,94.19999999999999,False
Q9Y6D6,-0.04734041311057025,-0.030379405857507525,-0.05325541529780809,-0.004427997004655208,99.0,True
Q9P2H3,-0.04708807872734819,-0.028579615521406365,-0.05193788578229726,-0.0032187974405108177,98.0,True
F5GZJ9,0.046896204465742254,0.030204160015200487,0.0007623305804739063,0.058438433870565125,98.4,True
C9JAK3,-0.046638182946519835,-0.025525727141396604,-0.05256896008940163,0.0,96.2,False
P58215,0.046482489725512874,0.022810942024492954,0.0,0.04129194035985647,92.2,False
B5MC47,0.045787754117559386,0.027959663404529142,0.0,0.050903887911616735,93.8,False
O95568,0.04566547207866931,0.02735413503889672,0.002137631285565302,0.04967937810031265,97.8,True
A0A8I5KX04,0.045344833412823006,0.028975944586484333,0.0010686783943294545,0.04990791164597753,98.0,True
Q9UKJ3,-0.04514499059188006,-0.026221626631365517,-0.06002077705102565,0.0,91.8,False
P42262,-0.043396339623283445,-0.026151807740641023,-0.0486464037590984,0.0,95.39999999999999,False
Q01543,0.04242075097358535,0.03128272233862726,0.0,0.05812886159874152,92.60000000000001,False
A0A2R8YGU1,-0.042039850592257906,-0.026680712962497976,-0.04632273071953106,-0.0005274449517944882,97.8,True
A0A1W2PR36,-0.04203882310991459,-0.022102227924077216,-0.04035003863750861,0.0,92.4,False
A0A2R8Y5Q8,-0.04191189266717412,-0.024536874950660773,-0.049791270453662835,0.0,91.0,False
A0A5F9ZGN6,-0.04185319343627204,-0.028831892860919757,-0.05864712909441443,0.0,93.0,False
Q8TE85,0.0417914586409943,0.02900869670684805,0.0,0.06339257936012581,94.6,False
A0A0X1KG74,-0.04157201477300465,-0.02590956316492252,-0.04434988710417788,-0.000709826183899619,98.2,True
Q9P219,0.040953278520729074,0.028012765745462305,0.0,0.053299301565948275,92.2,False
Q96DT6,0.040662488108730487,0.02206153609467412,-7.895422081111152e-05,0.06359634858371611,85.39999999999999,False
A0A0B4J1T8,0.040172684591931435,0.024768334831009025,0.0,0.05415031019474762,91.4,False
A0A7P0T873,-0.040091248225783464,-0.028533790297806762,-0.04526224411950373,-0.0075769153583729225,99.8,True
H0YCI3,0.03996824210271305,0.027599036290439735,0.001810217854421059,0.049593572680055105,97.8,True
Q9NXL2,-0.0399261792310589,-0.02882813969363641,-0.04846512131027807,-0.007773731635831815,100.0,True
Q9NZT1,-0.03983777331969094,-0.029227741472251725,-0.056277710593664695,-0.0014729610637615625,98.0,True
Q96RG2,0.03977820434308372,0.025070539982296067,-0.00430794501378257,0.06332057895794954,89.0,False
A0A1X7SBS4,-0.0394764136993669,-0.029243459085707836,-0.0516428875988859,-0.004389368401244341,99.0,True
A0A087WUD9,0.03912629948213028,0.023024001971418517,0.0,0.0475651159155368,94.6,False
Q3LI54,-0.03902969361652202,-0.027489485016262676,-0.045066624624023215,-0.005938739005352599,99.6,True
A0A286YFJ8,0.038980696846603685,0.025250616268091677,-0.002499616318708691,0.06090889309730717,91.2,False
A0A7I2V5A1,0.03894010994649063,0.02320339110179917,0.0,0.051601284986199716,90.60000000000001,False
Q9NYX4,-0.03851560470205807,-0.029768732673536892,-0.051765456453887304,-0.005881151441450915,99.2,True
Q96GS4,-0.03799505768022038,-0.023181373324336473,-0.04658309241465001,0.0,92.60000000000001,False
A0A1B0GVY2,0.037962410863432924,0.022454799162257778,-0.006120415706099634,0.06040681932911648,89.60000000000001,False
A0A075B6I0,0.037473654259134605,0.027124587272344982,0.0,0.0585119738277821,95.6,False
A0A0A0MRJ1,0.03743638784038147,0.027004505225252048,0.0,0.058963063942637416,89.4,False
H9KVC5,0.03709648018423934,0.02612054229513992,0.003369227259490108,0.046217285867610695,99.0,True
A8MTL3,-0.03644594063190491,-0.027632279435720445,-0.05061302877897958,-0.0012007972610077315,98.0,True
J3KSZ0,0.036176423784958174,0.02339861041483968,0.0,0.05105014584984326,91.0,False
H0YAC1,-0.036099776640161875,-0.021653488741168462,-0.04965948182391802,0.0,90.0,False
Q5JTF2,0.03583070257489007,0.02349235449497936,0.0,0.04540640634859113,95.19999999999999,False
E7EQI7,0.03578065181515686,0.025392730847408927,0.0,0.062266290429380616,92.2,False
Q96FC9,-0.03541495567678286,-0.022423096459328645,-0.05728545749277712,0.0036831270935698684,89.0,False
A0A0G2JMB2,0.03540198868555911,0.024407043146964926,0.0,0.05289668737659921,90.8,False
H7C0T5,-0.03537500976610564,-0.0238232640489852,-0.050239636250433845,0.0,92.80000000000001,False
A0A0A0MS09,-0.03519250317342924,-0.028169992172855422,-0.05741968227339411,0.0,97.2,False
A0A2R8Y840,0.035184155584903065,0.021638396144342247,0.0,0.04437666838288588,93.60000000000001,False
H0YBP1,0.035108824615469804,0.027971581039047837,0.00213281712988939,0.051920950353097,98.6,True
A0A6Q8PFE1,-0.03489921465658262,-0.025613500646775988,-0.043294483810755846,-0.002475699251060072,98.6,True
Q9P2K8,-0.03461971368361461,-0.021814165844096407,-0.04348613308230758,0.0,92.60000000000001,False
Q9H977,0.03460572909141951,0.025913783962485445,0.0,0.049438735540913124,91.60000000000001,False
G3V2A4,0.03453761259511765,0.020326136145968052,-0.007879267735778791,0.05086637623058057,85.2,False
A0A8I5QJN0,-0.0341671081381446,-0.018044381320373466,-0.048428625531161694,0.0027800909384038362,85.0,False
C9J2W6,0.03370408319020913,0.018531893620765683,0.0,0.04253672902686281,89.4,False
E9PG08,0.03366763161428913,0.023742652390264126,0.0,0.047527229256756925,89.0,False
A0A0U1RRH3,0.03366396630283957,0.025709674394632332,0.0,0.04826381221979596,91.2,False
P01701,-0.03363384908777363,-0.023387978432232722,-0.04559736596193929,0.0,93.8,False
O00230,0.03347876709163721,0.021952525116385197,0.0,0.041296561520950424,92.60000000000001,False
Q659A1,-0.03331053358674232,-0.02265926340800926,-0.04848194542470485,0.0,92.0,False
Q96Q27,-0.033274359979725096,-0.026287196572927336,-0.05370692644586266,0.0,94.8,False
S4R3D6,-0.03309832326495055,-0.026353889124832382,-0.06253624590568788,0.00186949920197153,88.2,False
F8W6P5,0.03290696435704677,0.024239110386716698,0.0,0.050742770820325994,95.8,False
A0A8C8PVR7,-0.0328256377327922,-0.021276958649305906,-0.04979049284933033,0.0,88.8,False
K7ER25,-0.032774170315718935,-0.026813965097025227,-0.043981539367966,-0.007024608003788938,99.6,True
M0QX14,-0.032756386858917144,-0.026517422286930502,-0.05858549048459062,0.0,95.8,False
P53672,0.03271007317138419,0.02474478494126273,0.0004229160759157964,0.04402210644649776,97.6,True
M0R297,-0.03259475152424489,-0.021935512802851023,-0.05498778632712925,0.00747152242863678,88.8,False
A0A6Q8PGN5,0.0324911260012113,0.022557109632288932,0.0,0.05204112843585397,86.2,False
A0A0A6YYL4,0.0323090672069477,0.022222230104286055,-0.004247748749447862,0.05637660291880859,89.4,False
Q6Q4G3,0.031997985589811546,0.018952658734130032,0.0,0.043722080280772346,90.2,False
Q6S5L8,-0.0319688539471908,-0.022008756207465695,-0.04255121860825606,0.0,94.39999999999999,False
H0YKN8,-0.03183750631134968,-0.028899889139536773,-0.05029163968054657,-0.007036372319302509,99.0,True
F5GZH1,0.03182029280945891,0.02197005464982055,7.131206212823239e-05,0.04420772305701027,97.39999999999999,True
G3V4J5,0.03179599791053815,0.025022069488842627,0.003364462496353854,0.048659210662622465,99.0,True
F8W0U9,0.031787294459867506,0.022028725341963016,0.0,0.04704348785529295,91.8,False
Q8TCC6,-0.03167268555472473,-0.02626286992620069,-0.0406637296492348,-0.008356712725126142,99.4,True
H3BRJ5,-0.03162679713746978,-0.02178915458775004,-0.04818483311156566,0.0021619821484122285,93.60000000000001,False
P78539,-0.031472806175010644,-0.023417722481488972,-0.04933181317545057,0.0,93.0,False
H7C472,-0.031221789463514737,-0.02545591233638055,-0.047986445525074396,0.0,95.19999999999999,False
H3BP92,-0.031001525435579165,-0.01876102253083982,-0.04980608222774491,0.0,91.8,False
P54802,-0.03084690011847347,-0.025077792311330237,-0.04413785379759173,-0.0006260446926548773,97.6,True
Q02952,0.03080936764199471,0.021865634015816055,0.0,0.0516414366033059,88.4,False
A0A0A6YYH1,-0.03074817513132257,-0.026116268096695264,-0.03945169537906495,-0.006454176642994949,99.6,True
Q9P2E3,-0.030688134476393018,-0.02411432105243105,-0.047835023389221666,-0.0015080069043630698,97.8,True
A0A5H1ZRQ3,0.030633772754237447,0.02393873387617339,0.003522850148662373,0.042665049085992016,98.2,True
D6R992,-0.03059733594920508,-0.020424629868065577,-0.04789109320650098,0.0023133532777247353,83.39999999999999,False
M0QYC8,0.030480904220475658,0.01887788216152272,0.0,0.036862113261704556,87.4,False
V9GYG7,-0.029786159567395883,-0.026180610056476563,-0.042485958380007856,-0.006329976359341461,99.0,True
F5H0F9,-0.029697550172555532,-0.019931659957056095,-0.044017690571872346,0.0,92.4,False
Q68E01,0.029671182518136476,0.02042856812637946,-0.004452269314581595,0.050306884074669475,87.2,False
Q96JH8,-0.029630492693645566,-0.02017345655226704,-0.045905290446138634,0.0,88.2,False
Q6NXR6,0.029603573790859317,0.0217181055016352,-0.005589186342423316,0.05418194371341886,89.0,False
Q9H116,0.029567523430913376,0.024191742492260176,0.0,0.04861041734687115,91.0,False
P09104,0.029474648425784684,0.01735498335759574,-0.003818682012219164,0.049888898022272206,85.39999999999999,False
Q0VD83,-0.02944278470547625,-0.016691502542617153,-0.04078950356637346,0.0,85.6,False
O14978,0.02915455985903707,0.024434926223846045,-0.0012358712561924589,0.04821759891807342,92.0,False
A0A087WSY6,0.028996288154508495,0.02293964300654662,0.0,0.04517437282537277,97.6,False
E5RII6,0.028827560754137196,0.022123112592936266,0.0,0.04685401412515142,91.60000000000001,False
B4DQF0,-0.028780297640988606,-0.019183576434835932,-0.04357836583955479,0.0,93.60000000000001,False
H0YMW2,-0.028693881517728333,-0.02419062439626373,-0.04858807761324255,0.0,95.0,False
Q2TAL5,-0.028143017057392937,-0.019703803108007102,-0.04961534875674199,0.0,90.8,False
Q9BVN2,0.027961284782301636,0.02095366119534748,0.0,0.04615071293032739,91.0,False
F8WC57,0.027735152364278773,0.021140618212917517,0.0,0.046893865801842086,92.2,False
A2AAZ0,-0.027704430384677185,-0.024234761814865953,-0.03950218213206041,-0.004936769765391339,99.4,True
Q8TAT6,0.02768007913267151,0.022873158408042032,0.0,0.042451157767661736,95.6,False
Q6VMQ6,0.027608686986075645,0.022636383861657,0.0,0.048712553346469886,89.8,False
A0A3B3ISF6,-0.027559056939196993,-0.018957810534156603,-0.04172997237256761,0.0,90.2,False
Q96GA3,-0.027382258868932658,-0.02433367016527399,-0.050890910085326244,0.0,96.8,False
A0A087X2I7,0.02736746531396077,0.018079264154935843,0.0,0.04610283912620335,84.6,False
E9PEB5,0.027254205818596135,0.023358590528476834,0.0018626565499700255,0.040570697565161476,98.6,True
O14641,0.027083687512926502,0.016287325240092996,0.0,0.036646895624724875,86.2,False
F5H1U9,-0.026863642918615756,-0.019884181269180335,-0.053580821096420886,0.007966617318389983,84.6,False
H0YC18,-0.026630898026987187,-0.02366169488195527,-0.03502786739576626,-0.00566483500080133,99.4,True
O75197,-0.026524711292401953,-0.018844514060686962,-0.04691243553299987,0.0,88.0,False
Q96EH8,0.026390019574143164,0.020688766506232654,-0.0006687860387740028,0.04562242530863986,90.2,False
Q9P227,0.026129018111874666,0.01570653937477627,-0.0032506505300796728,0.037883930723101276,85.2,False
A0A087X1W1,-0.026111214277937046,-0.014867519679364808,-0.03868910302871132,0.0024672254499435455,82.0,False
A0A3B3IS01,0.02607273512793365,0.017317020451822544,0.0,0.03879020955433406,87.8,False
Q02487,-0.02600514841170068,-0.021861038935398123,-0.04107278733109148,-0.0006940259165658528,98.2,True
H7BZW2,0.02593787023976996,0.02316185455865926,-0.00956432082253325,0.055633166341849775,88.0,False
A0A096LPE2,-0.025748980615833996,-0.020927743112811238,-0.03417152426754641,0.0,97.2,False
Q6UXK2,0.0257152214246021,0.01874132927168348,0.0,0.042503321402563216,93.0,False
Q9Y305,0.025676100888155792,0.021134112992607874,0.0,0.03951684663688772,96.8,False
Q99814,0.025619936206784565,0.022976764308022264,0.0,0.0442686059660351,96.39999999999999,False
O00567,0.02560969563742351,0.02144316598590119,0.0,0.04207402905653215,96.0,False
A0A075B7B8,0.025591538226955306,0.01772447999439396,0.0,0.040207285761188684,91.60000000000001,False
A8MTH1,0.02544356048956987,0.015759322780020766,-0.00704879263820697,0.043224875427823925,87.0,False
A6NMD2,-0.02540721835364353,-0.02031122900194135,-0.0408479984103748,0.0,95.19999999999999,False
A0A6Q8PFM0,0.025337354655010965,0.020138650681995773,0.0,0.04309564042114052,97.0,False
P07384,0.02520011696142057,0.018077341193260304,-6.561948724108373e-06,0.04398505917364108,89.8,False
C9JAL9,0.025080477378902025,0.022387843241384642,0.0,0.04875640681422321,95.0,False
Q9Y4B5,0.024998431325890528,0.018680573204025407,0.0,0.03322294898682728,85.6,False
A0A7P0TBH9,0.024963058147204977,0.01882161086606049,0.0,0.04036013859023421,93.0,False
O75145,0.02491745000138353,0.016846681342614387,-0.0033108283266135635,0.04795473442779393,84.2,False
A0A8I5KT31,0.024785770612697218,0.0222584042078215,0.0,0.04239492977753313,90.8,False
C9J461,0.02477907899922036,0.02231738268796315,0.0,0.04923503249305718,90.2,False
A0A0G2JNW7,-0.024730093497415607,-0.017700922222523247,-0.039568047808142964,0.0,88.2,False
I3L0K7,-0.0246950601425036,-0.02204618470394324,-0.04049371136200067,0.0,97.0,False
Q9NST1,0.02462088016239212,0.020523097231851264,0.0,0.04077303125478978,93.4,False
P08185,0.024539191986375285,0.019132680171107752,0.0,0.039167701887743184,92.0,False
F2Z3A3,0.024536927975430445,0.020384716978126907,0.0,0.041761373647659,95.39999999999999,False
Q96NA2,-0.024262181293533403,-0.014917559554272729,-0.04423648458044355,0.0073231874811501094,85.2,False
Q15027,-0.024197947850751883,-0.022094746984235303,-0.0396010049642016,-0.0025715586505387594,98.8,True
H7BYI2,-0.024162785795984805,-0.018356736079519945,-0.04164670594095447,0.0,86.8,False
P78385,-0.023958099440541586,-0.01619414788625115,-0.04807186412699409,0.012283465233281051,83.6,False
Q9H0X9,-0.02391696117801505,-0.022179309313478487,-0.050300683148306005,0.0,87.0,False
Q9P0K7,-0.023892113718309505,-0.023607597725449347,-0.035782483099241064,-0.008376269494342501,99.8,True
P12109,-0.023809908802844407,-0.015218580410982698,-0.044041522580867534,0.0016001201487954406,81.2,False
Q5T6H7,-0.023764211110549247,-0.01728074611097538,-0.04498163574471481,0.002467291241966048,87.2,False
Q9H422,-0.023742572992432633,-0.01945389639510576,-0.046108951608284696,0.0,91.4,False
O60312,-0.023715073514878983,-0.015442728972954177,-0.036233893534945334,0.0,84.6,False
A6NDD5,-0.02357909097733494,-0.01620555938317855,-0.034696385092449746,0.0,83.0,False
C9JKF1,-0.023439870488977436,-0.014631186187759585,-0.04248655530368175,0.008503485878872627,85.0,False
A2RRD8,-0.02325960786723684,-0.017912554616109307,-0.04254208401202802,0.0,86.6,False
O94887,0.023161417050275558,0.019402894162580005,0.0,0.04729679606546528,91.60000000000001,False
O95782,0.023140115344116634,0.01725716041979128,0.0,0.04166099663183018,87.2,False
Q14106,-0.02302766686852532,-0.023280526996565198,-0.05382770277702699,0.0,90.2,False
C9JF17,0.02292565825216162,0.024069485060301064,0.0033512122240830725,0.042837183754551166,98.0,True
P43652,0.022666720293515782,0.016066166769771142,-0.011263908319878724,0.044587849515258814,85.0,False
A0A8I5KWA2,-0.022649398731268346,-0.017043184368325366,-0.03610398804500785,0.0,89.8,False
A0A7P0TA46,-0.022620469019842243,-0.015310462060337982,-0.04483780322544757,0.005571908554906745,84.6,False
E7EP87,-0.02261975508961569,-0.02052373214099045,-0.045559093997163624,0.0,89.8,False
F8VW34,0.022480742658853654,0.01796555546900681,0.0,0.04466778865422849,89.0,False
A0A075B6N3,-0.022470122473288116,-0.023260834645883993,-0.043425572256833626,0.0,96.6,False
D6RAL3,0.022459047950898325,0.016284296611609295,-0.003228649329388399,0.04613089577480853,80.2,False
A0A1B0GUN9,-0.02240109565097279,-0.015850786447174425,-0.04747723830906229,0.007286527835982792,84.39999999999999,False
A0A0B4J1U7,0.022275283663551557,0.021395706626494655,0.0,0.044786828782393505,96.8,False
Q86W28,-0.022267108824022122,-0.023409236752088544,-0.04197198560170971,-0.00370001537442182,99.6,True
Q13129,0.022079657830891226,0.020044068254888935,0.0,0.040376847706646526,94.8,False
P40227,-0.02191327177819153,-0.013897440075103433,-0.04646525095304457,0.018441021062778035,82.8,False
P0C6P0,-0.02190741207489306,-0.017246539069131733,-0.0463725772222596,0.004365470714195084,87.6,False
H3BV39,-0.021729143427045187,-0.016873614151447235,-0.05356739021412579,0.005061496527924119,81.39999999999999,False
P51170,-0.02172888896533318,-0.01643819754704017,-0.037145562039579645,0.000988229372442424,85.8,False
A0A087WWQ1,0.021717893602642632,0.016978340622105494,-0.004856817433798767,0.042614092219781435,85.6,False
E7EVB6,-0.021656426181402035,-0.018254330970806296,-0.03907240172573139,0.0,94.0,False
P27169,0.021584990475164826,0.01585958686904637,0.0,0.04026625611063452,83.2,False
A0A2R8YF38,0.021267362213712615,0.017584695896639017,-0.006289226891520265,0.04166741935045078,88.2,False
O43306,0.021215949570958677,0.018166390992136763,0.0,0.03804177414111318,89.2,False
C9JWF1,0.021210195397190015,0.016825439671220774,0.0,0.034370313574516996,86.8,False
P35626,-0.02120398270978455,-0.013327031295059534,-0.03534440453934778,0.0,81.0,False
P04083,-0.021172917704944064,-0.018010129204988894,-0.03323004410918638,0.0,86.0,False
O60486,0.021144565627994504,0.016435630192723427,0.0,0.04451189957656668,84.0,False
Q12873,0.021025938086612433,0.014802261932588953,-0.009384458411206307,0.04360505045612994,85.8,False
A0A024R3B8,0.020992125734171727,0.017923527408163897,0.0,0.03930326410406634,96.39999999999999,False
Q9BXX2,0.02094691575940911,0.019633797869757233,0.0,0.04006469013832402,89.8,False
P29622,-0.020936952158547396,-0.01720324196591631,-0.04631576787484862,0.0024420605544731022,87.4,False
H3BSG2,0.020768874169798984,0.015105332055806529,-0.000489553315834444,0.04351565309324882,79.60000000000001,False
A0A804HIC1,-0.020716299644484407,-0.022906330782339,-0.03686967073428046,-0.0068488122527943065,99.8,True
Q3LI64,-0.020668668902116608,-0.011824489184543313,-0.0385128006771173,0.010664952723685993,82.8,False
H7BYU6,-0.02061892027261608,-0.01645226815450147,-0.04315569755350989,0.0,88.4,False
D6RHX7,-0.020399788554734816,-0.018833100062024193,-0.03682685612571419,0.0,95.6,False
P15144,0.020302302655045124,0.017378912145616186,-0.0029882254279420557,0.050041533304792926,85.8,False
A0A0A0MT39,-0.0202766977159273,-0.017482831332368408,-0.04454727359961156,0.0008132155557514773,88.4,False
C9IYZ1,-0.020269671186106338,-0.023206111880097056,-0.03836372191503017,-0.002631808869212262,98.8,True
O43543,-0.0201966030646116,-0.023121285229989658,-0.047641766702161255,-0.0003091161866528871,98.0,True
Q5T7N2,0.020164397346058332,0.02002682279269972,0.0,0.05009911595516457,91.8,False
Q96RY5,-0.020157869090969876,-0.01890213785430457,-0.037571515067888715,0.0,92.80000000000001,False
Q9Y6X9,0.02010754037519171,0.017870560525797028,-0.006406669349394571,0.04787082951774208,87.2,False
J3QS41,0.02007993751542854,0.016304886514932327,-0.007910796968908946,0.04145561760087348,87.4,False
E5RGI6,0.020076622871148884,0.018173382634254918,0.0,0.03809904399931188,94.39999999999999,False
C9JYN7,-0.02004562733300886,-0.015015114799436879,-0.040671520886975766,0.008589211326216928,86.6,False
C9JR82,0.020031959557545095,0.016396939206122226,0.0,0.03387349068926652,87.0,False
O75976,-0.02002552389900154,-0.018139747091081338,-0.03784111071073272,0.0,94.19999999999999,False
K7EK57,-0.020001533621408073,-0.016284962242338868,-0.046930183124486755,0.0,87.8,False
A0A0G2JME2,-0.01993743435442711,-0.015355846143308314,-0.04763019079535428,0.006306094800468349,83.8,False
Q8N157,0.019835727099418814,0.016511970998955548,-0.005984293785858746,0.03966076256467588,88.6,False
C9JLB7,-0.019833321250027427,-0.014802234442869367,-0.03856523610107216,0.004370790269313812,82.6,False
O94806,-0.019700250446630853,-0.014683700019658167,-0.04423766046540748,0.011449593624469734,85.0,False
Q8TDY4,-0.01952829845940515,-0.02093593763959138,-0.04639320312855299,0.0,95.39999999999999,False
F8WA11,0.019491810371750278,0.019122194076338212,-0.006849976016559635,0.051908787210561254,90.8,False
Q96PB1,-0.01946339593158245,-0.02259282051521117,-0.04199103685032282,-0.0022729212542769743,98.0,True
A0A087WZ62,0.019462218123978026,0.015090911001335259,-0.007027084869885214,0.035520840988134225,85.8,False
A0A2R8YDZ2,-0.019448148901064218,-0.021691796443752367,-0.04017996419221313,-0.0035769935546971147,99.0,True
A0A087X212,-0.01908310998605971,-0.01494386394641743,-0.035442400302809166,0.0033608461278428004,86.4,False
Q86TE4,0.019065140294697972,0.018812916602901374,0.0,0.04242524380227849,94.19999999999999,False
E9PI60,-0.019061186930640007,-0.01950931620084189,-0.046045350364483345,0.0,89.4,False
A0A494BZW2,-0.01891317653424354,-0.020200233586299046,-0.043500467804424604,0.0,89.60000000000001,False
B3KR49,-0.01890533913541888,-0.020355211218700684,-0.04010827133684345,-0.0011484791718912373,98.2,True
Q9Y458,0.018680774000719078,0.015067659379259715,-0.010086794662004742,0.0491583737864151,84.8,False
Q9H1E3,-0.01863840712828169,-0.020935329089826114,-0.03896222034938553,-0.002335991640169161,99.0,True
Q9NVI1,0.01861860630372242,0.01615940932937793,0.0,0.030473284355122192,83.39999999999999,False
Q9UFN7,0.018597307165396357,0.018035977676821795,0.0,0.04099056826514993,89.60000000000001,False
A0A1B0GUA8,-0.01851155302471286,-0.012647808962425018,-0.03162845387505847,0.0,83.39999999999999,False
A0A804HI22,0.01850521991960064,0.016261367645855916,0.0,0.03845124455712262,88.8,False
A0A1B0GUC3,0.01838550610031544,0.015089734763715877,-0.0005181625775187485,0.037138475922961045,83.6,False
E9PF10,-0.018273487027230986,-0.01600524925132344,-0.037014612134381814,0.0,86.6,False
Q9Y2V7,0.01824716818922305,0.015631498855049115,0.0,0.03676623386563344,88.2,False
O60765,-0.01810086637427048,-0.014961217958809413,-0.04105268587270397,0.0010275414822733084,85.39999999999999,False
C9K0C8,0.018089576087407532,0.017068550053976523,0.0,0.03503170642592086,94.8,False
A0A669KBJ6,-0.018076600649975974,-0.018299087924816305,-0.03527304159690118,0.0,93.4,False
Q9UH17,0.018057389083392238,0.012875886705420878,-0.014022979659760529,0.0440416583649363,84.6,False
O14578,-0.01803595896803278,-0.016628992723034447,-0.03950907046093664,0.004280012934051415,89.4,False
E9PLX2,-0.01796107354319054,-0.012907298896965378,-0.035617692526153454,0.008053849099359555,87.8,False
K7EJW2,0.017954853200658028,0.017647223073975513,-0.0022234448957052485,0.04765685445343356,87.2,False
A0A0G2JJ84,-0.017827580473094844,-0.01907579247946159,-0.05121421457935156,0.004952254448745453,84.39999999999999,False
F6QDS0,0.017815427183940274,0.01639555098848163,0.0,0.040759728234509615,86.6,False
A0A2R8YFV2,-0.017793160384157215,-0.008435881833724327,-0.03450226234244783,0.013651426469468044,73.6,False
P0DTE7,-0.017695112674350377,-0.014600494146444523,-0.03771822074735559,0.00030377254324660455,78.8,False
E9PNX9,-0.017694609084936988,-0.016407504228484516,-0.049872142584951935,0.007072701734390602,84.39999999999999,False
O00305,-0.017594063359548523,-0.019223869856695976,-0.03168112188736759,-0.00015496528678811687,97.6,True
J3KRR8,-0.017561753181193056,-0.0213971222033629,-0.048651024992441914,0.0005358248964639171,91.8,False
C9JRG0,-0.017544791063621768,-0.01867749854446692,-0.040033743790963375,0.0,92.2,False
Q8TCP9,-0.01752838773157986,-0.020063246018500965,-0.03555904501352466,0.0,97.2,False
O60309,0.01739759340223498,0.01224780417986236,-0.007982195400460334,0.03674814754096646,82.0,False
A0A494C100,-0.01728156233552047,-0.017481669560725777,-0.03367057158183796,-0.0001319352942642325,98.0,True
A0A7I2V4J9,-0.017146974642891593,-0.019797183325348414,-0.033492744429203226,-0.004818138052639143,99.2,True
A0A590UKC0,-0.0171275975845278,-0.012570274287211917,-0.02818173816523125,0.0016294408616094927,80.4,False
G3XAE9,-0.017090862741227317,-0.012798276642791309,-0.03477819038741136,0.0,78.0,False
Q9UGI8,0.01706592954132353,0.015017280948743916,-0.00795502679112102,0.040678912306002055,82.39999999999999,False
A0A805TBS0,0.01705385047445569,0.013126266474903621,-0.003830872579048889,0.03314781216205605,84.0,False
I3L4Z7,0.01702160334047983,0.01634872296127576,-0.002452181424989616,0.04170374109116014,83.39999999999999,False
Q5JZH3,0.01700657462927959,0.014578606151535188,-0.005236365865299325,0.04004320930918303,85.6,False
H0YAC9,-0.01693734996403333,-0.011552127654805006,-0.041977858398912944,0.010839958449279178,77.8,False
A0A6I8PRN4,0.016883234279229564,0.012536012592615157,-0.00673987412019507,0.02847988994952664,89.2,False
A0A1B0GUQ4,0.01686540538528124,0.012637553897500552,-0.013478557832124446,0.04347131135257008,83.6,False
A0A7P0T963,0.016862084848681267,0.015854783360001956,0.0,0.040768913422887236,84.0,False
E7EW31,-0.01682813658633444,-0.017884266073647605,-0.03885773371302048,0.0,93.4,False
Q9UIF8,0.016790351632983692,0.013197946877975543,-0.003768993562404541,0.04070587333412896,81.8,False
Q9UQR1,0.01675893003076554,0.014731843657281305,0.0,0.027436010523349603,82.39999999999999,False
P06727,0.016731472356834105,0.013233948038597716,-0.0008050971073044266,0.028701756676022625,83.39999999999999,False
Q9UBF8,-0.016687319458017467,-0.014812183031265348,-0.03356282533783903,0.0,85.6,False
Q9UHL0,-0.01659142391062519,-0.019147940453475117,-0.03382592014995429,-0.001505545084800488,99.0,True
A0A804HIU5,0.016566679667975856,0.0196675267722932,0.0,0.04922505427626623,91.2,False
H0YA52,-0.01652030101849173,-0.014596542292194785,-0.040127136151465015,0.002044100135974395,88.4,False
A0A7I2V3N5,0.01651390943968418,0.01556178302215095,0.0,0.03851833710820683,88.6,False
H3BV03,-0.01650732550792315,-0.013709955753801613,-0.03547799271501793,0.009364258483622517,86.8,False
Q96QR8,0.016507254683199964,0.018338832977286553,0.0,0.046730424559555395,90.60000000000001,False
D6RDW9,-0.016410393116641622,-0.017171982404576434,-0.03739553142046871,0.0,92.60000000000001,False
M0QZP2,-0.016302241953755986,-0.016260253464436405,-0.03364333467061564,0.0,88.4,False
A0A2R8Y6H3,-0.016258375135544047,-0.015052279991646132,-0.03884349522030869,0.0,81.8,False
K7EQB2,0.01619872931097719,0.014935513465863992,-0.0077529301192087435,0.040437712961779414,85.6,False
H0YA48,0.016080318150743622,0.01461082892063676,0.0,0.02916686535276652,88.2,False
Q6IEG0,0.016049731889183343,0.015142130725709642,-0.005689707908634914,0.042532609809689974,84.0,False
H3BTQ6,-0.01586907557762929,-0.01952149795210358,-0.03251515565834932,-0.003994112749151995,99.6,True
Q8NDL9,0.015849593952064367,0.013799761378755427,-0.0013612205330358132,0.03800157194511852,81.0,False
P40145,0.01583012383069296,0.013170410447028116,-0.0010381739453579355,0.02521443283106384,81.2,False
Q5VVJ2,-0.015811140636026455,-0.019761411139717116,-0.03171221911094183,-0.0018125102401354831,98.6,True
A0A1W2PRD1,0.015799885332770765,0.011413468865728893,-0.009235771434355533,0.04257768019793946,78.8,False
X6RAN8,-0.015764599339427778,-0.01909078799277379,-0.03768496503657627,-0.00035665222740212095,97.39999999999999,True
Q8NGE0,-0.015720026843879898,-0.012545285727344532,-0.04137457314253173,0.005835688520535103,80.2,False
A0A0R4J2E6,0.01569937731703335,0.012520416677548,-0.010285586291387531,0.03510341818825372,85.39999999999999,False
Q03701,-0.015591370632093354,-0.01329486569503151,-0.031960126812466814,0.0006706112709735082,85.8,False
A0A804HJG7,0.015424623708322703,0.013445105275966786,-0.00816954175556332,0.04332588773064868,82.39999999999999,False
Q8IVG5,-0.015398090887474075,-0.016931951224246577,-0.037964498319410456,0.0,90.2,False
A6PVS8,0.015345742495126683,0.014793329667566132,0.0,0.036386354032680604,85.2,False
O43861,-0.015344241252495776,-0.020072994535049304,-0.053776098701766875,0.00045553703740248107,88.8,False
E7EV07,-0.015331043970695547,-0.011742636156716502,-0.03640383824953423,0.0062576362767738525,73.0,False
A0A0R4J2E4,0.015322416563716943,0.012682503393762644,-0.011063202506656874,0.048106604323836996,77.60000000000001,False
A0A384DVL6,-0.015301192689768539,-0.015717918896475037,-0.03378764835902472,0.0,94.19999999999999,False
O15228,0.015289409659550165,0.015826656529853707,-0.0012477208517249667,0.045164015497879496,85.8,False
Q08174,0.015288302734563506,0.010453554967268835,-0.013784298700928283,0.038304264834413244,78.8,False
O75071,-0.015265490086974812,-0.018867213089383356,-0.03619011799045934,0.0,95.0,False
A0A7P0T9K1,-0.015243193975531246,-0.010388480407891353,-0.03998727311228551,0.0054233261845219784,71.6,False
A0A087WVP9,-0.015223873255837723,-0.01578938391531035,-0.03480494203692697,0.0,87.6,False
A0A7P0T847,0.015191452171780879,0.014684122867971931,0.0,0.036561852303100814,88.4,False
D3DUJ3,-0.015051140911328604,-0.016659608228415224,-0.042317534833259396,0.0,87.4,False
E9PAS2,-0.014985441871468183,-0.018950834716112735,-0.05289662622049609,0.00510626898366094,86.8,False
Q13367,0.014913875089883389,0.014566040942610615,0.0,0.03389297710775044,84.39999999999999,False
H0Y300,-0.014816451402280925,-0.010434075732542734,-0.03278661069849618,0.010492736227562069,83.0,False
Q9NWS1,-0.014786241584264009,-0.019736668732216054,-0.03258306857423211,-0.004265387514754956,99.6,True
O60840,0.014734711985667458,0.01550777780593588,-0.010929947875168261,0.046188753109782765,86.4,False
C9J5H1,-0.01471290615231186,-0.01670397229931522,-0.032189941706241544,0.0,91.4,False
Q16816,-0.014706213593991536,-0.013507867652471006,-0.04037523554587885,0.0051482147034728025,79.0,False
O00472,0.014700665682235853,0.015499769759691705,0.0,0.03324964274501309,91.60000000000001,False
A0A0C4DG17,-0.014694687920563977,-0.016731176503396162,-0.04491779662820151,0.0016556658704131016,88.0,False
Q9NRX4,-0.014688762494381837,-0.011319804774611532,-0.03482217108783506,0.008112321219933005,78.8,False
Q8N1G4,0.014584575320152128,0.015047910640744504,0.0,0.036405266487113806,89.60000000000001,False
C9JCM2,-0.014537334811999262,-0.011595497497276043,-0.03066334856523062,0.005458558108385026,81.6,False
B1AMS2,0.014531196341107425,0.01451337986578772,0.0,0.03230932918633147,81.2,False
A0A804HIA8,0.014515042975106439,0.016223617807299185,0.0,0.039179924775614536,87.8,False
B5MCC8,-0.014498044817253744,-0.015450035558228796,-0.03151785289253452,0.0,91.0,False
A0A2R8Y438,0.014487414538808918,0.013008589861664742,-0.002222202930379967,0.04158312439362821,80.0,False
A0A8I5KQ45,-0.01441374720625816,-0.018111676178009045,-0.036409209125788086,0.0,97.0,False
A0A3B3IU48,0.01440376931229993,0.01756896198085655,0.0,0.03303832856806428,94.8,False
J3KQG3,0.014393704204371444,0.018232322024139467,0.0,0.03937825996521964,93.4,False
P52701,-0.014276791786721992,-0.0137377323423216,-0.031161247765221653,0.0,88.8,False
Q8NDW4,-0.014269882695502325,-0.012713103994118539,-0.035801635776949246,0.0,78.8,False
A0A2R8Y7C0,0.014245722136925841,0.017067009782447216,0.0,0.04667704079589207,87.0,False
P51854,-0.014243086916557832,-0.016058652791116103,-0.04240152597684984,0.007499457030944589,86.6,False
A0A087WZ26,0.014147091379709282,0.014319467235915033,0.0,0.03760680784807103,87.8,False
P08910,-0.014136887706896448,-0.011106449081915961,-0.042913309184183034,0.014147121153162023,80.2,False
P01871,0.014133385172680755,0.015775729462790284,0.0,0.03543557471360842,91.8,False
K7ELA0,-0.014117193481184712,-0.015507369781926057,-0.04979023823818333,0.009958957138565053,82.8,False
A0A590UJQ1,0.014115864495318618,0.014095638431689936,0.0,0.03668646951186186,85.8,False
A0A8I5KVF8,0.01411414934760779,0.014857538748429456,-0.003838771787830558,0.041275602630607436,85.39999999999999,False
Q96D09,0.014079123778179528,0.011554618462854474,-0.0011131874027708716,0.038978671440065435,76.2,False
F5GZI2,-0.014053144207643921,-0.011015092250646842,-0.03459697953664887,0.0022487570927396407,75.4,False
A0A2R8Y4C5,0.014005009255133717,0.009972616458606209,-0.002986506238133273,0.03180888490142005,79.0,False
F5GYE8,0.014002281877279848,0.016057840810154586,0.0,0.0335229336805021,92.0,False
P38936,-0.013949372314775083,-0.018881794057258032,-0.029931893816033086,-0.0022873753135906416,99.6,True
C9JQA6,-0.013925193743486405,-0.013108093288410474,-0.03299030110570683,0.00023017940990168744,83.8,False
A0A087X259,0.013861594339064693,0.010086445757262823,0.0,0.03640126284376668,78.2,False
Q5VW38,0.01380146818650542,0.013667463300848264,-0.001177961949340494,0.03678347757085363,80.0,False
Q9H5L6,0.013742260766598785,0.015641683117533122,0.0,0.03360362403256654,87.2,False
O95671,-0.013740221720786159,-0.013071794553802165,-0.03686887762369465,0.0033794234986492316,79.60000000000001,False
Q99459,0.013683643814277766,0.011513303309865238,-0.0031420597366064924,0.02705456929734548,82.6,False
F5H5U2,-0.013623663151211341,-0.017307386016424234,-0.029384023002974026,-3.5445358187205614e-05,97.39999999999999,True
J3KNL2,-0.013602483163559977,-0.009457284537636152,-0.02874640948870499,0.002500825549489217,76.0,False
A0A286YEY1,0.013592417389198402,0.016268915385865074,-0.0003603429727960871,0.04714530248025741,87.2,False
A0A1B0GUA3,0.013582757522556463,0.011134094007883759,-0.009187322785215004,0.03801607523455649,81.0,False
A0A1B0GVY1,0.013550971512971558,0.012591913950984248,0.0,0.03297714340889575,86.8,False
Q9UKX3,0.013546726516182401,0.013332088820187726,0.0,0.027657512549653124,82.6,False
A0A7P0TBH1,0.01344237108601332,0.014703151372142193,0.0,0.03188206597610905,91.60000000000001,False
K7EJD3,0.013434141158215986,0.014462821269956717,0.0,0.03474378633071861,90.2,False
A0A804HKG0,0.013421304643516319,0.010534823871145078,-0.015162219774434596,0.03691506761715228,81.39999999999999,False
O14544,0.013409596213238699,0.01766863280224916,0.0,0.04399700726586102,88.4,False
A0A096LNH4,0.01336406331484904,0.01474902338188153,-0.006392409706036453,0.04712126069208955,82.6,False
Q9HCC9,0.013314622247848759,0.013103718680950976,0.0,0.034350225727683016,90.0,False
A0A1B0GV47,-0.013259960257692716,-0.01379410754964465,-0.03320035986481809,0.0,82.8,False
Q8WVM7,-0.013241532140203955,-0.009346937344853444,-0.03199762072261136,0.0,74.4,False
H0YJF5,-0.013215071576890718,-0.014234936276672168,-0.032281588556551416,0.0,87.2,False
A0A087WT09,-0.013209319859276649,-0.01214094478964225,-0.028127416844027565,0.002181714094877788,83.0,False
O95996,0.013185012132967524,0.012048905215716194,-0.004273062513531674,0.03405535385252675,83.39999999999999,False
Q7Z406,-0.013138164989185174,-0.011420887094530223,-0.036320060920614336,0.009533116379225381,78.0,False
P04264,0.01302596577514351,0.010435405809464254,-0.0040005153584794,0.03154253090063881,81.0,False
Q92541,-0.012984554607437781,-0.009886336018311993,-0.03005766142877171,0.004961539587499541,78.0,False
Q8WZ64,-0.012973862997462535,-0.01731238279405826,-0.0348628906205668,0.0,92.2,False
P27986,-0.012774827690850213,-0.014102822813307391,-0.03355290221823075,0.0,88.4,False
A0A1C7CYY4,0.012683495785085298,0.010885945689714425,-0.003240088683454617,0.03423539781024971,79.0,False
Q6PKG0,0.012668196426738998,0.010758427636543933,0.0,0.022603876129891582,77.4,False
A8MTZ7,-0.012582766126423874,-0.013957954448492384,-0.036578450373202155,0.0,86.2,False
P08519,-0.012559749324000165,-0.014533036472230886,-0.031895241510289385,0.0,92.4,False
A0A6Q8PGE8,0.01255026639274273,0.012794768133109818,-0.0019200774785695864,0.033848417548533266,87.8,False
P08572,0.01253619715457852,0.013035372575430363,-0.005745863247281938,0.03166792922356256,84.39999999999999,False
F8WD26,-0.012410691181119598,-0.017805025190106297,-0.029027299870490176,-0.0022872083959110502,98.4,True
A0A075B6K0,0.012363586294458242,0.01577688058588876,0.0,0.03314856259667088,92.2,False
A0A494C099,-0.01235978112515047,-0.0178057908380405,-0.03175412784753591,-0.0008790693051289906,98.2,True
Q3LI73,-0.012338365454088474,-0.009268660346028718,-0.03733838811720461,0.007175114658694028,77.4,False
H0Y3P2,0.012296229523779687,0.012376429198787996,-0.00699804203184703,0.03297643054323413,84.39999999999999,False
A0A087WWA3,0.01229212792315938,0.010860832641149377,0.0,0.030078952803595686,76.2,False
O15516,0.012291389706214479,0.014389771328620491,-0.0037938683848694967,0.04265339807698443,82.39999999999999,False
P00748,0.012263790500247432,0.014599660001820206,0.0,0.03394358074709447,84.2,False
A0A804HLI4,0.012215194250708824,0.01005903774234598,-0.009348753004392606,0.0357748005513871,73.8,False
Q9Y697,-0.012174053158904113,-0.012005452134619678,-0.03885836821213463,0.006061661526192498,79.0,False
P19652,-0.012142494532064422,-0.012194435771052664,-0.03859811133785926,0.01041918002052646,84.0,False
Q5T6L9,0.012114625685105209,0.010427818153492701,-0.006028883167200839,0.0286844611998989,77.4,False
H7C582,-0.012081343105905543,-0.014758320037042975,-0.031692760140754256,0.0,91.60000000000001,False
Q7Z6G8,-0.01205537855946073,-0.010679864267239186,-0.028146087390598738,0.0065135184903838735,84.2,False
Q8WVV9,-0.012051936082360956,-0.009656900180035266,-0.028998706863970602,0.0029063139255480854,76.6,False
I3L4Y3,-0.012004020682419382,-0.010138764482082382,-0.03004833261102218,0.006602658626741334,82.8,False
Q8WXI3,0.011940020549087332,0.011852933241932435,-0.005824667350411943,0.03584478637084455,82.6,False
P0DP04,-0.011930517293431855,-0.010134830739872976,-0.033642307767023316,0.008677038226688869,79.80000000000001,False
P02750,0.011917309028750149,0.014907189130122726,-0.014036064827999505,0.04842595782340941,82.6,False
M0QXJ9,-0.011852246301495357,-0.013124684199198254,-0.0349624872866992,0.002129347684258065,85.8,False
A0A7P0T9C8,0.01179629794321524,0.011374117588978447,-0.002126580386268314,0.024802247224116527,79.0,False
J3KNU7,0.011747509759023741,0.012636146964837097,-0.009450037544378733,0.04276151762950643,80.60000000000001,False
A0A087X1Z1,-0.011710998337151697,-0.015582369665657365,-0.03045824831993891,0.0,95.39999999999999,False
J3KQP8,-0.01168415857737969,-0.010691665449228498,-0.033900755296380966,0.0015335806339375534,78.0,False
A0A087WW76,0.011678451731289004,0.010874803401142342,-0.009125388459556974,0.030159451168585212,83.6,False
K7EQ80,0.011666619074763216,0.008882119741652195,-0.006418603331310384,0.03833659691523852,72.39999999999999,False
P50591,-0.011663093743063945,-0.012298422828246612,-0.036628899021960676,0.007627906277879771,81.39999999999999,False
Q04844,0.011629353896750775,0.010407478280601892,-0.012184876305105476,0.03758780930150706,75.2,False
P10588,-0.011616739205438383,-0.013422405548365237,-0.04406446061717365,0.009178681224593527,80.80000000000001,False
Q08345,-0.011589618210970291,-0.014466281190776881,-0.030602670192563006,0.0010320716191556231,89.0,False
Q96M83,0.011575893082070285,0.012950538395952213,-0.0006228862708414519,0.030282018320625242,80.2,False
Q8IZX4,-0.011486961326227042,-0.009121016991872294,-0.03606494636969473,0.006555459043030036,72.0,False
A0A7P0TB69,-0.011485112419757108,-0.01506953979336447,-0.04101214549881036,0.0,85.6,False
A0A804HIY8,-0.011462818983088756,-0.00852185537695844,-0.029357947516566955,0.013448651913562072,79.80000000000001,False
Q9UDT6,-0.011419600669158918,-0.017196021147505836,-0.02813745668369803,-1.9499332432134206e-05,97.6,True
Q9Y4P1,0.01141243133158666,0.014312710239135192,-0.00708636309749869,0.041569425894349546,87.2,False
O94886,-0.011354423072350357,-0.008810744659832039,-0.03397765264867333,0.012109867991131371,77.60000000000001,False
A0A6Q8PFJ4,-0.011344087966465514,-0.011462243313931279,-0.03633224107302141,0.0,82.39999999999999,False
P03971,-0.011341790592452244,-0.012421058637192195,-0.033559814084991216,0.003307813736498122,81.6,False
E9PN67,-0.011255327151732665,-0.013639073851644014,-0.031053639722318376,0.0,86.6,False
P35858,0.011220612868052525,0.010977356287238909,-0.0016939667972935835,0.03359692437592837,79.0,False
A0A0A0MS08,0.01121986346709883,0.010694916606337038,-0.0003789028375289489,0.034856301119677004,72.6,False
A0A590UK15,0.011192972223008498,0.01397564639048483,-0.0006403963096155053,0.04087244208529767,79.2,False
A0A1B0GU03,-0.011149198717438961,-0.010641260597983721,-0.0390300055849788,0.009105949439475576,80.2,False
P17661,0.011112953092506234,0.009052280360296054,-0.01806275847415203,0.0422696473404637,78.4,False
Q9NP61,-0.011087404883934789,-0.013639385655229022,-0.037238879197387886,0.011649511752290176,87.0,False
Q14565,-0.011040446570688388,-0.007436195838081898,-0.036668504762587865,0.015161343231635807,73.4,False
A0A087WVQ6,0.010993392844302492,0.009967568261642143,-0.0022863960604667557,0.028765910574932392,77.60000000000001,False
P22352,0.01098547253608022,0.011559481956674986,-0.007959287115622786,0.0447709758743858,77.4,False
Q9Y2R4,-0.010743398476748227,-0.013995325819200937,-0.038933690680927835,0.003118881248637004,85.0,False
P48304,-0.010686638524770349,-0.014230193855314214,-0.029744769152796786,0.00028051311843796904,89.2,False
S4R322,-0.010669120455602218,-0.014885636282940519,-0.03283786590754049,0.0,91.60000000000001,False
P61244,0.010616163395211313,0.009345550728189675,-0.010764963933824487,0.03118111657028116,79.0,False
Q5SW79,0.010581753048594992,0.014491764870307055,-0.00015294811683884773,0.04493757307486775,86.8,False
J3KQ21,0.010569368215744787,0.008020677761299033,-0.006866488354442201,0.02849262514291588,75.0,False
Q9HCM2,-0.01045589928945725,-0.014722059080010308,-0.030358024022814997,0.0,82.8,False
Q8TDY2,-0.010379690996849534,-0.015645514267246266,-0.030949748229748938,0.0,95.8,False
A0A2R8Y5S7,0.01031487721758521,0.015211433378280915,-0.011950784274958076,0.04470717059464232,88.8,False
H3BU45,0.010309878385396763,0.010134415082839777,-0.006704521700419892,0.039171485756056064,78.0,False
Q8NHH9,0.010307375421488898,0.0067684614165765345,-0.004171633790367844,0.029174545485382435,68.60000000000001,False
Q5VTR2,-0.010268312967316633,-0.011099140125131652,-0.0342854067959103,0.00040924755922451046,81.8,False
A0A5F9ZI63,-0.010266582500496392,-0.016181629297350182,-0.03639932958091179,0.0,91.8,False
A0A087WWP4,0.010256213813354793,0.009857830703160157,-0.004739044098466691,0.02143771340859039,82.0,False
E7EPP8,0.010236856193940711,0.008754442756022352,-0.008479134803912079,0.02833948540784911,75.8,False
A0A087WYR0,0.010214929184713468,0.014302519460510784,-0.011520397517667135,0.045411324592210096,84.39999999999999,False
Q9Y5B0,-0.010146834484075256,-0.009809972899258858,-0.0310479505811196,0.009239500556008732,80.4,False
A2RUS2,-0.010130613733234227,-0.009347124946021246,-0.03942696893429291,0.011136783266447178,75.8,False
E9PKF6,-0.010128204295664975,-0.007847793303931322,-0.02632871720475698,0.010721766545261338,80.4,False
P05164,-0.010125161026443024,-0.014019415547778313,-0.04248777107194242,0.010492199049256875,83.0,False
A0A499FIY3,0.010123770848482084,0.009073183994438624,-0.00572704804104365,0.036206377726480214,75.6,False
Q8IZP2,-0.010107289661061837,-0.012433974744774087,-0.03560688991282778,0.006603410605359846,82.6,False
Q9UBC2,-0.010093243217712301,-0.007534645920021829,-0.029901853103579075,0.009605132820396269,74.6,False
Q8NCI6,0.010083171805494449,0.008994364307712133,0.0,0.03173183722050785,75.2,False
A0A087WTB5,-0.0100659901720621,-0.012148206781830123,-0.02813139544326308,0.0026362673529455815,88.4,False
A0A0J9YX66,0.010018767173107537,0.011761155304669238,0.0,0.02487403443398109,83.2,False
Q9UFC0,-0.009966002282915037,-0.009917632646352962,-0.0307338894010075,0.0016451249115015897,76.2,False
F8W7U0,-0.009950731653638486,-0.01603814764988928,-0.030004186937442008,0.0,97.0,False
P07360,-0.009950182078199941,-0.004901975187529812,-0.02801921807048622,0.010089817135386413,66.2,False
B1AKN5,0.009945674442643536,0.009752533317037262,-0.005892109762010642,0.034590450958230004,78.2,False
B1ALY4,-0.009938960228238963,-0.0150064661137039,-0.03625362212960138,0.0,88.6,False
Q14161,-0.009906050952706297,-0.011364911147644853,-0.03392150507384111,0.010800023341088691,81.8,False
A0A8I5KTI7,-0.009900652849531158,-0.014563184486132152,-0.030908546998866745,0.0,92.4,False
Q5TCY1,0.009888963301635708,0.01041187866875302,-0.008324562019207081,0.02745145934915151,79.80000000000001,False
A0A1W2PQR9,0.009874471340410316,0.016349726156600575,0.0,0.03849308719199072,88.0,False
A0A0C4DH35,0.009859628798079298,0.014264023995405219,-0.004604697104188772,0.036357464734226595,88.4,False
Q9NQZ2,0.009764060565695254,0.010487214838014935,0.0,0.024280389606849143,81.39999999999999,False
F5GWN5,-0.009741444321998997,-0.007458487511271577,-0.02627346323098167,0.006739782315210771,76.0,False
A0A8I5KS01,0.00967036792536695,0.008874409248987556,-0.006654429216486727,0.03184679172540197,75.4,False
G5E9U5,0.00962775254468821,0.008747416730381175,-0.019336894765322996,0.03903355566128295,79.60000000000001,False
H0YEK5,0.009620605372066318,0.012240545084640841,0.0,0.03166462504472596,82.6,False
Q58F21,0.009601825517672599,0.011687465599309929,-0.009613831198926791,0.04432309462679741,74.6,False
P68871,0.009550289563060182,0.012715130228651065,-0.00516994130206548,0.04288504908224139,82.0,False
F5H852,0.009526695537449514,0.008941110467144272,-0.008125867487302266,0.02986136383454574,76.0,False
P31930,-0.009502307631671132,-0.00981455801548229,-0.03131179458752321,0.009229696083886645,77.2,False
C9JIF9,0.009476792080312843,0.010530444060891733,-0.0003302661226310297,0.031048845925315715,82.39999999999999,False
Q9UBZ9,0.009469451873738039,0.01405128247266467,-0.001681285136292806,0.04215793823888806,87.0,False
F8W120,0.009347438644771618,0.009319210107523552,-0.008994434044164093,0.03543260260597042,75.8,False
F8WAS2,0.009340631955104182,0.009301226687926318,-0.0043182587867369865,0.029192459515885085,75.6,False
A0A087WW87,0.009317937222149372,0.01020304021601149,-0.014160064300717022,0.03708392949367678,80.2,False
A0A7I2V338,-0.009306646048357603,-0.010380713261414808,-0.02972866251988102,0.006161251550914629,79.4,False
G3V3A4,-0.00929434352297246,-0.016129357319910033,-0.028059820093509234,-0.0007227445029965042,98.6,True
Q86T82,-0.009245012181427991,-0.009147379421087688,-0.03752632193438049,0.011655302765292338,79.2,False
A0A7I2V670,0.009163542331300017,0.008905209114531111,-0.01526733931632918,0.039045299901709,81.6,False
P11245,0.00914999182514587,0.008467223282580797,-0.007348876486825442,0.03252477532901913,74.6,False
A0A3B3IU25,-0.009145714944325135,-0.014809451678651959,-0.03783875567126179,0.0,82.6,False
A0A087WZF1,-0.009095434025500799,-0.009065272579345161,-0.0292298064878419,0.0058714854713708435,76.0,False
I3L325,-0.009029419574896258,-0.011700845681955695,-0.03780411979616839,0.010051580352209858,84.0,False
P78386,0.009007970673791986,0.010594079961338163,-0.000378178557731678,0.02864073347860126,80.2,False
P63267,-0.009003929016362006,-0.011597383533857645,-0.033545185973517855,0.006829698152304122,86.2,False
Q13045,-0.008939236234905699,-0.007892399049650046,-0.03514979942729257,0.009439348272804246,72.2,False
I3L3Z3,-0.008932453146366762,-0.007351022233312096,-0.03419762100352352,0.01311915147021758,71.6,False
Q9NZP8,-0.00892609010030162,-0.01394224460210237,-0.04017557288188152,0.0068174519616758,81.0,False
H7C070,0.0089227762926756,0.010039866353291092,0.0,0.0313942394247558,77.0,False
A0A087WZV0,-0.008918429455946111,-0.011256185285127961,-0.028061229433752773,0.0,80.80000000000001,False
P04196,0.008760246972902593,0.01154817317955642,-0.004970640696183534,0.03506836912097289,79.2,False
Q9Y2F9,-0.008752040536945302,-0.011397866842353305,-0.036522872819833296,0.0,79.2,False
B7WNR0,0.0086845079734521,0.008337028771404189,-0.004986667890422406,0.021144955245087544,83.8,False
Q86YB8,0.008681535960072055,0.008354311889183834,-0.01251228357691822,0.03203397649616999,79.4,False
P13010,0.008671699562562814,0.006767904167227724,-0.003080792497508167,0.021590190509030063,72.0,False
J3KRZ9,-0.008645281063628205,-0.004730592049347325,-0.029206043839068597,0.014353399960095008,71.6,False
P01593,-0.008636926195992486,-0.010311360321223319,-0.03266940454052625,0.012405823996105673,83.8,False
O95433,0.008620431060979672,0.00454943402644471,-0.012545106876504097,0.027592852435149,69.6,False
Q8N9V3,-0.008614130048567889,-0.009346620655908017,-0.03266782127198355,0.0076768864428876996,79.0,False
E9PFI2,-0.008552922240821536,-0.013277755776726132,-0.03796931800979643,0.0010384421758134277,80.4,False
E7ESZ3,-0.008551557716194026,-0.00909787478859791,-0.034516957257596834,0.006902567081088852,79.80000000000001,False
Q9ULH7,-0.008537450805800501,-0.014213932240618087,-0.033150050861075954,0.0,90.0,False
O75665,0.008522957430103586,0.015492343512186922,0.0,0.038702173421665785,94.8,False
H0Y781,0.00850205259906704,0.009866082684270661,-0.0023770656647194234,0.0280509946065584,82.6,False
Q96L34,-0.008448806951166938,-0.006625469139362424,-0.04302553202409312,0.019548632705910625,77.0,False
A0A286YES2,-0.008443580345499545,-0.007822412013259183,-0.02810627382377968,0.004199100235538624,74.8,False
Q9UHR6,0.00843938207792769,0.011292482329306066,-0.01613973512572796,0.04075238448538214,81.0,False
H3BLZ3,0.008337224601497334,0.009179316603250325,-0.0062772920469570375,0.03126726323559871,76.4,False
V9GYM3,0.00833621088007607,0.0070843913089505646,-0.014203584067352983,0.03713209913539757,77.4,False
Q9BXF3,0.008302636346665865,0.008780612824749385,-0.007401559727410359,0.024704233277946575,80.2,False
H0YIJ6,-0.008293888917912771,-0.014483389657973036,-0.032015135038086756,0.0,92.4,False
O95445,0.008247729887954403,0.00849918263838335,-0.009942632584284765,0.02206411290445382,84.2,False
A0A5H1ZRQ7,0.008189467078860117,0.007447184574584354,-0.022172415980207087,0.026832405603991805,80.2,False
Q8N8Q8,0.008181709729198856,0.008367188766691252,-0.0064316131944268445,0.019537303946246483,82.19999999999999,False
A0A0G2JNN7,-0.008153434961013293,-0.010765355819987794,-0.03442213179767851,0.009980630365068412,82.6,False
B7WPF5,-0.008138098051087561,-0.0063650611467014825,-0.03862749073524897,0.025734148851707273,73.4,False
Q5JRC9,-0.008120453302202025,-0.009661688469429948,-0.03444295076261907,0.007405425838481583,85.2,False
S4R3S3,0.00804288773959453,0.007972950567676504,-0.006508337411370385,0.02084503965471126,81.8,False
Q9NUQ8,0.008006243200221967,0.008124757397786828,-0.008285525364003022,0.027667858332954678,77.60000000000001,False
F5H481,0.007984628673843995,0.011357184804683297,-0.0027773765108744892,0.03763114146721126,79.0,False
A0A590UK43,-0.007963006397191765,-0.009785869860114559,-0.025575782601271458,0.0,79.80000000000001,False
Q8NDV7,-0.007952099964742542,-0.010946028543274144,-0.030561533329737746,0.0060420595409295145,85.39999999999999,False
Q5VZS7,0.007950609427146843,0.007507968697843801,-0.021624800854657174,0.03711348402858728,82.0,False
A0A8I5QKL1,-0.007948617215301218,-0.005997717491629804,-0.022474530631270865,0.009586742198835796,76.2,False
Q66K66,0.007868963550747636,0.00910002625661985,-0.01454221139465302,0.03889945620762088,83.0,False
Q15057,-0.007868136356988117,-0.005883806747266608,-0.02251135810011985,0.0049155381731409535,65.4,False
J3QL73,-0.007848825197032873,-0.006853402830677772,-0.03616531746236143,0.018172964804633197,75.2,False
G5E9C5,-0.007817387042667908,-0.00909479428867414,-0.0335595249369322,0.009029580910621686,76.8,False
Q7Z2Z1,0.00781632160264373,0.008320964021683929,-0.005703175562128737,0.020303367890570256,81.8,False
O95755,0.007811800600089126,0.008878802686589055,-0.005391333246067552,0.033274340991597824,75.6,False
D6RA66,-0.007807018360087292,-0.006231964195895155,-0.02567564675761054,0.0071827654356399154,66.4,False
P02763,-0.007759019572046669,-0.007974109202361501,-0.036843380254588824,0.015949860401537442,72.0,False
Q8N7Z5,-0.007754054970059647,-0.010315610440773029,-0.028407798632263007,0.007836050379574713,81.2,False
H0YF66,-0.0077406542014538315,-0.015115313396745492,-0.026133938623472026,0.0,97.2,False
E9PR21,0.007739808630731418,0.00953098227046648,-0.0032177446411744896,0.030108016095085545,83.2,False
E9PK91,-0.007665715010583261,-0.0062671055678282265,-0.020454074712627984,0.008259518383302744,76.0,False
U3KQB2,0.00764997584334984,0.010894384379169321,-0.008384025938753356,0.0359131703287963,77.4,False
P08758,-0.007590716289760527,-0.011638890266995296,-0.039737304635040244,0.012304584205476674,79.60000000000001,False
H0YEA3,0.0075628037697140875,0.007927125064278197,-0.005497895244464554,0.02064427895212981,81.0,False
A0A2R8YG32,-0.007516051572378046,-0.006931572810938368,-0.02346453983575,0.006013801463000596,76.6,False
Q9GZP8,0.007482893860949245,0.0100485012426989,-0.001271534707842474,0.03007529628487403,79.0,False
E9PGN7,0.007481662110229221,0.01106006458876877,-8.796216541139637e-05,0.029216660853901875,84.0,False
A0A286YFD6,-0.00747675921982695,-0.003658797839149833,-0.023128043766892713,0.010444566999815021,67.4,False
P46940,0.007435217527829835,0.012201899343409523,0.0,0.03325678815062573,86.8,False
Q15283,-0.007425144901436707,-0.009930730485156457,-0.03524424298094685,0.006070579793094972,77.8,False
G3V5Z3,-0.007399937467993058,-0.00915737586021557,-0.02905124172889086,0.007744476840235175,78.0,False
A0A0U1RR07,-0.007390709281693968,-0.01401972007702588,-0.031408232924187145,0.0,95.8,False
P01602,-0.007389909999996294,-0.0065898990873753905,-0.031813545613392454,0.018743672744986336,79.2,False
E9PLG8,-0.007383744051449929,-0.007472654394235178,-0.034095309250597186,0.01450265871647766,77.4,False
P37088,0.0073422054081111725,0.009947261903384061,-0.0027861933023455416,0.03659995363241142,73.6,False
F6RY50,-0.007304742003896749,-0.011075812177005682,-0.030149219040399258,0.0,81.2,False
Q9Y2J2,-0.007213027833589373,-0.009204916188365187,-0.021997202429480996,0.0,80.80000000000001,False
H3BTE2,-0.007212566819853842,-0.008094218265388175,-0.034895255220583274,0.015109662846827432,78.8,False
A0A087WZX0,-0.007194440820055992,-0.00880838298089596,-0.03189337706647276,0.006416700047517893,76.6,False
F5GWH4,-0.007166384845445617,-0.006792497663617407,-0.027493669935240703,0.0027015619074447434,68.60000000000001,False
P48200,-0.007068355490375494,-0.011666891397232905,-0.03186256152988788,0.0,84.39999999999999,False
G5EA48,0.00703488048753909,0.011292752483370718,-0.014389313316467499,0.043891471088271725,81.2,False
A0A286YEX2,-0.007004207832770808,-0.008553506678708566,-0.031225986431066787,0.008073831024309005,78.4,False
E7ERS3,-0.007004114958611345,-0.009749593248192778,-0.023097877307358905,0.0,83.8,False
Q9NQT8,0.006990258167679861,0.009355219875457984,-0.00961499406635526,0.034722092920688515,78.60000000000001,False
A0A804CHQ2,-0.006936462720487575,-0.008260668299226101,-0.028165296272985578,0.01496732845813008,75.6,False
O43852,0.006931470699787373,0.010180912823822087,0.0,0.03534588249737606,78.2,False
P56282,0.006922270413809424,0.007511868980092236,-0.005855796802382128,0.018007627425014466,81.0,False
A0A087WUC8,0.00691484667295494,0.005707939362764016,-0.022298913820687515,0.03089369993019448,77.8,False
A0A1W2PQK8,0.0069036905634786375,0.011105218476862085,-0.00020219569713502002,0.03340626116441098,81.8,False
F2Z2K8,0.006848416666724694,0.005590170651788151,-0.019929748341853355,0.03708789812011445,78.4,False
O00571,-0.006818552761355083,-0.008375338188305367,-0.03193121006078972,0.013542404142150914,80.80000000000001,False
Q86UP2,-0.006767616017220426,-0.014372454427362737,-0.032660855567304706,0.0,88.2,False
Q13618,0.006719911208027045,0.009630554457012792,-0.00731563561297898,0.038339561055083626,75.0,False
J3KMZ7,0.006719080123362705,0.007065403607697338,-0.009088020335301886,0.03230666436521884,73.0,False
Q9NV88,-0.006662593386771632,-0.011657677554967688,-0.037781709941152014,0.007100099263864945,78.4,False
I3L360,-0.006637624862730026,-0.00902637778265783,-0.036785243887508125,0.011905051107881766,76.8,False
Q8N1M1,0.006623968039818619,0.005161250859640332,-0.01612188599101695,0.03302082066079774,68.0,False
A0A494C150,0.006478415988587035,0.006238995054555283,-0.014749072689187388,0.03237663783248903,70.8,False
Q6ZVH7,0.0064410644154865165,0.007311342557283488,-0.003948997961870577,0.022132213846858952,76.2,False
A0A096LP39,0.00638295318683924,0.008405448172335689,-0.021524608540932962,0.03984411631756984,77.0,False
Q9BXJ9,-0.006354738417787246,-0.005329027982238546,-0.03334104838822351,0.018944720373562658,72.0,False
Q86YS6,-0.006314524562233455,-0.007525249024334921,-0.019569335694795978,0.007335521576613531,82.6,False
O94874,0.00629772594106691,0.004933758547735252,-0.01585079384300616,0.027046301568994797,70.0,False
O75037,0.006291069435521902,0.00970302446871013,-0.006560873935592659,0.025875792671192804,80.0,False
Q53S48,-0.006265421545474527,-0.010979533416150575,-0.026086576289930656,0.0,88.0,False
Q9UIW2,-0.0062603827683434705,-0.01374544754922661,-0.03517541624619406,0.0,88.6,False
P54886,-0.0062349371705000345,-0.008074422347982132,-0.0257992687828335,0.0038856823873178545,77.2,False
Q8N335,0.00620813341801172,0.002545902739725738,-0.021409047625081598,0.03131113339374541,67.4,False
Q8N163,-0.006172255585015714,-0.009351846806073809,-0.040260301832859696,0.01817671792280303,82.0,False
H3BMR9,-0.0061274310536425505,-0.009749771763588655,-0.026458320988360692,0.004399430126724208,84.0,False
C9JME2,-0.006118367968975994,-0.006716718545894797,-0.020731375043574765,0.0061251189917196636,79.80000000000001,False
O94986,-0.006106598072044705,-0.010910176170868233,-0.02973606007533355,0.0,82.19999999999999,False
J3KSN3,0.006105885557098588,0.012100939857338216,-0.004590454375100505,0.03985626338477199,80.2,False
O43896,0.006083610280147829,0.005323202238409374,-0.01617795108860942,0.03257527823712072,70.8,False
P02042,-0.006080005951965327,-0.008740828156141264,-0.029897229930337183,0.0005263296408809486,74.8,False
P10643,0.006044045338467263,0.006916925533261827,-0.0009301747577517145,0.024198128888138413,70.6,False
K7ER74,0.00597274740692167,0.007496719810842593,-0.0041022017065687165,0.022157405405379964,76.6,False
A0A286YEY4,-0.005939980143506668,-0.008239453545697887,-0.034484857314631835,0.008986147521889736,75.0,False
A0A0C4DH90,0.005929050038465523,0.004695474428458349,-0.01747965020389804,0.031060732261737754,71.2,False
A0A7P0T846,0.005907523234370638,0.003122916289595001,-0.010245471947447776,0.021931235583786325,61.199999999999996,False
F8W7M8,-0.0058907895546374866,-0.004212063741772821,-0.022968719152456542,0.005644179575346557,60.199999999999996,False
A0A2R8YEA1,0.005886210311788984,0.01085825915313617,-0.0081124428149354,0.03770554744327905,81.0,False
G3V5R3,-0.0058707903433360305,-0.006238746753020414,-0.035258683785509844,0.01534843042847833,70.6,False
G3V563,-0.005863774052462603,-0.004118257716694753,-0.0256875875231251,0.017030947973374604,71.8,False
H0YI15,-0.005856068060688421,-0.008296043312569456,-0.028071354400094062,0.008256400165099676,78.0,False
K7EKY2,-0.005836613060376451,-0.005317094625549037,-0.03555943721456715,0.02657529224025052,79.2,False
Q9UBB4,-0.005834586029781553,-0.008534013624434816,-0.029631942989030255,0.00010753845451648623,70.8,False
E7EU81,0.0058238489238324614,0.006651831388527499,-0.004613232952641646,0.02702488082589517,73.4,False
Q96HU1,0.005802138525237497,0.006238128140879686,-0.015529124845512964,0.03395565869769769,76.4,False
Q8IYD8,0.005800628693459534,0.0054355083583736315,-0.017115952616824408,0.030896291516339294,69.39999999999999,False
P20851,-0.005800226554306568,-0.006230434205654103,-0.024617533038574595,0.01062027959915062,75.6,False
E9PJ30,0.0057444843329353705,0.0050596340300525094,-0.011582580900155575,0.022295403370636444,76.0,False
A0A0G2JLI4,-0.0057362209868385815,-0.007514676575964957,-0.03157776513170311,0.005968013845071752,69.19999999999999,False
Q49AJ0,0.005712134656326866,0.006871882509205837,-0.00858840886275069,0.02366351783507092,75.8,False
E9PJX9,0.005709818526540341,0.010790648960934507,-0.002090129382971987,0.03299138425771246,77.8,False
A0A1B0GWI5,0.005705627999811042,0.009336137563200304,0.0,0.027713425865930705,81.0,False
P01743,-0.005705165985386704,-0.008042783214013112,-0.038959633089313994,0.020894577707987517,82.19999999999999,False
A0A7P0T9B9,0.005693894163047782,0.0076586758490468825,0.0,0.0229738937331904,75.4,False
A0A087WYQ8,-0.00567581422986278,-0.005122765599732423,-0.03708989735993583,0.02585535947258626,78.0,False
Q12851,-0.0056541530277260475,-0.007150186105133,-0.02619866833216929,0.007251168460021609,72.2,False
A0A7I2V2U9,0.005631406793741393,0.00804761003627592,-0.010101462195399332,0.026256353372593393,78.8,False
E9PD35,0.005599046131530825,0.005294112611740634,-0.009600094769001335,0.026580424336472404,70.39999999999999,False
K7EPT9,0.005583458791570586,0.006481099187358558,-0.008904691981362784,0.02618161857332618,71.2,False
Q86WN2,-0.005565318640756724,-0.01222246627854809,-0.03417711011412032,0.0,80.4,False
P05543,-0.00553025107078466,-0.007705411992073703,-0.02948375178775873,0.0073836502383186385,76.2,False
A0A2R8YDG0,0.005521000722981948,0.008523035727500147,-0.006835007737802918,0.02667502944468817,73.8,False
A0A0C4DG03,-0.005516248032847248,-0.007210964886615192,-0.030032329738732953,0.009594726337554413,71.8,False
Q8NEV4,-0.005516025774459666,-0.010797442367306592,-0.03909176984451018,0.010819586296257127,79.4,False
P00736,-0.005482145875824452,-0.004095547881090724,-0.023243170999625924,0.011944844665499802,65.60000000000001,False
M0QXV1,0.005462968440300793,0.004154787879351948,-0.015274850588214076,0.02183654945287949,70.8,False
A0A0A0MSE1,-0.005421737972314517,-0.00801632534633697,-0.02311097681485927,0.0017369874861204316,77.2,False
A0A2R8Y802,0.0054180978667837405,0.008385725000470176,-0.013335154935363336,0.0350039013374513,75.0,False
Q6UB98,0.0053700885373961435,0.009651219413651038,-0.0022911499801284386,0.03199763298861671,79.80000000000001,False
P05546,0.005358066681279063,0.010931718784903812,-0.0026152330387783527,0.03256174937785208,79.60000000000001,False
Q14790,0.005294527747456165,0.004937456952210671,-0.009090589459612209,0.022474014329849634,66.2,False
A0A7P0TA11,-0.005290907541359648,-0.009568468308860734,-0.02993411711387053,0.0009742245448282976,79.4,False
Q9NZN3,0.00528265260066296,0.004833973949402108,-0.011094738818005127,0.023948366306066716,67.80000000000001,False
Q15293,0.005272239697531449,0.010173796820017764,-0.0026696030376965113,0.028736617259482528,82.19999999999999,False
Q3YEC7,-0.005255656549702512,-0.005294185340963337,-0.02356141391286778,0.00655576398990197,64.8,False
A0A0C4DFP4,-0.005224744556426306,-0.007265769680867327,-0.02486969684134888,0.006038878925731107,75.0,False
Q8WYB5,0.005209382354099428,0.003167434969008453,-0.01531498053811462,0.023125643214476497,72.39999999999999,False
Q9Y2I7,0.005199740230170629,0.00725832634013763,-0.0009040069043521798,0.021166185777466383,73.8,False
A0A087WTU7,-0.005189460299787772,-0.007370656824557047,-0.032003857913952216,0.011147784568841919,73.4,False
P01699,-0.005189185680823164,-0.002599371216473818,-0.03490224401756312,0.027907166281394547,75.8,False
Q6N069,0.0051791438378868205,0.008136521295693498,0.0,0.026716605847514865,81.2,False
A0A0A6YYG7,-0.005154488503871168,-0.006450505512749628,-0.026526824705512517,0.008799237947674898,72.8,False
E9PQG0,0.005138132240748278,0.004810663448388868,-0.012123569328871075,0.024776792612047918,72.8,False
H3BT35,0.005117743316805234,0.006601003210177979,-0.012213941546571957,0.0302993669948081,75.4,False
A0A286YFL1,0.005114766547908242,0.005959242959774211,-0.014277316278313327,0.03172082462137652,68.2,False
P07306,0.005101475266767663,0.008620225527364347,-0.002273284135453025,0.029265623645963555,78.4,False
Q5T8L4,0.00506844862047607,0.008878078763236855,-0.0009481973831379257,0.028902918207140933,80.2,False
H0YAC6,-0.005036382409380736,-0.00630976995953334,-0.025757753568054757,0.0038019596366883433,67.60000000000001,False
P12814,0.0050302104746239645,0.00616590144560155,-0.008975532157957374,0.029738240704380973,67.0,False
P35499,-0.0050267569055194045,-0.00864295470997431,-0.03141812151485821,0.005192675268807277,73.2,False
A0A494C1H5,-0.005021154103110562,-0.0071027223659288355,-0.026395053573235152,0.004503160896632829,73.2,False
Q9Y644,0.005020060114005375,0.005400117366798609,-0.0159358529541229,0.030315573294275696,73.6,False
Q7L5A8,0.005014848667276241,0.007611119159660051,-0.013691406160193126,0.03342263565489944,74.0,False
A0A6Q8PGB4,0.004982454742100489,0.005677069313135936,-0.008084212858267615,0.017101404834100827,83.0,False
Q04724,-0.004951835851748902,-0.003619970592422531,-0.025893136717055832,0.011692512757283098,63.6,False
A0A7I2V377,-0.004906242412549094,-0.002243537114375968,-0.01743398798370996,0.01409950198676076,67.0,False
Q9Y4E8,-0.004880829187638904,-0.008183854176521684,-0.025627083210021117,0.0,74.2,False
A0A2R8Y507,0.0048776656031443225,0.00722026471754641,-0.0081007199129917,0.021963280281598323,81.6,False
A0A087WZ85,0.0048685380243059725,0.010974809326967485,-0.01241520741456231,0.04183825407135212,79.80000000000001,False
C9JV37,0.004804790224393504,0.012543299537845842,0.0,0.029772051132164367,93.2,False
Q01826,-0.004801042226261797,-0.006820535398035792,-0.03484988208065543,0.017660326060043228,79.4,False
F8W6C0,-0.004784767482233927,-0.007508524101218604,-0.030064515539603112,0.005860494300785883,72.8,False
A0A1W2PRC7,-0.004779803097016857,-0.007229936359255128,-0.023509706199753223,0.005689085453689376,76.0,False
Q9UGR2,-0.004707778232907655,-0.006376282923840419,-0.03759747177644003,0.01975887206613503,75.6,False
Q9HB14,0.004662229779594523,0.009563449172785071,-0.005004418412123761,0.032559047910492626,80.0,False
Q9NWH9,0.004644510635508424,0.00904583374178659,0.0,0.02669637445707725,80.2,False
A0A494C0I1,0.00463567955736146,0.006977512163282907,-0.001410575648955959,0.025279466689464722,72.6,False
F5GYW0,-0.004632834403284365,-0.006969972867622815,-0.030374700486007322,0.011095523142054795,75.8,False
Q8N715,0.004631436091030918,0.0067035992568809065,-0.0168945858864329,0.023478498350418618,84.0,False
Q9NZM3,-0.004621898059397395,-0.011811702500169713,-0.03158645791872819,0.0,84.2,False
H0Y6S0,0.004617080315580445,0.005463754081032535,-0.00959624946613641,0.016545153699440738,82.6,False
P33151,-0.004584565786550853,-0.006629274785643671,-0.021738689328349763,0.012754760498246198,79.0,False
Q3MII6,0.0045828061332795844,0.006918823013425312,-0.009898181048844124,0.030098002454647273,73.4,False
F8WEH4,0.0045668922574604535,0.00024228450658424425,-0.022766246676636584,0.024893790195024367,74.8,False
M0QX43,0.004564347560835259,0.005620999312608333,-0.013067250814394391,0.03644840345941984,64.4,False
M0R0Q9,0.004555446316414627,0.004854076785670611,-0.014321319448987773,0.030174245759410946,69.39999999999999,False
P00747,0.004552010623309985,0.009389903855227253,0.0,0.026862474404781032,83.6,False
A0A804HKJ6,0.004547378397732606,0.003708004701764739,-0.01287566610185685,0.024062944130123217,71.0,False
H0YD85,-0.004535394138081269,-0.009933876715723496,-0.036896444422913344,0.007954891116371893,76.4,False
A0A804HJ86,-0.004528329878682844,-0.003815111207008945,-0.02879728503702217,0.014243136397532536,67.4,False
E7ETN3,-0.004524677322975981,-0.008957683418911299,-0.02648930611354808,0.0015042820078848954,79.60000000000001,False
O14977,-0.004514039450659192,-0.0051828100964712515,-0.03266823709098599,0.020040121957671637,75.4,False
Q14146,0.004505144609029342,0.005600054956498217,-0.012988059428307216,0.02178888468618371,77.8,False
A0A0U1RRB6,0.0045035227739324574,0.0079070017037608,-0.007701044829700549,0.031352946969962284,71.2,False
A0A4W8VX11,-0.004493675572410486,-0.009479138462139694,-0.030038695098942622,0.0053593121293173335,77.8,False
B5MDU6,0.004486337090187668,0.008174318825428286,-0.009862504836913859,0.030294185416307857,73.0,False
Q9UPS8,-0.0044819683838367335,-0.004930260955877071,-0.03655157609048684,0.026244968944547333,74.8,False
A0A7P0T9F6,-0.004441435071017341,-0.005546203115327104,-0.02707141258270127,0.01266287423387596,66.8,False
G3V360,-0.004406301535304292,-0.010890225396690654,-0.03805071335318598,0.0,81.2,False
Q9UL03,-0.00439798356227328,-0.0008174267852968429,-0.01689721474776282,0.011052769756262534,52.6,False
Q00013,0.004377859066442999,0.005868289554948163,-0.014343147764879183,0.028846913860492266,66.60000000000001,False
A0A0A6YYF8,-0.004376912400457718,-0.008646227853655252,-0.03128352581694009,0.0012681036531209011,70.8,False
A0A2R8Y590,0.004370289388971181,0.006247369316444858,-0.015309803255259562,0.033199182644051674,70.39999999999999,False
A0A5K1VW81,-0.00431592022148966,-0.011897042672298332,-0.026577441341328906,0.0,94.0,False
H0Y7F7,-0.004301195340465933,-0.004498579520803546,-0.028174323597412617,0.017448022946491414,71.2,False
Q03112,-0.004270060567288972,-0.009581827554885973,-0.030176698195074795,0.0,81.6,False
C9JWG6,-0.004256029219662219,-0.003899263676653406,-0.022589070573891753,0.010996472594182226,67.80000000000001,False
A6NHV6,0.004247498494898784,0.005807809347544663,-0.020793133014552826,0.037590503554948654,77.60000000000001,False
Q92503,-0.0042454541945722785,-0.004000276280406596,-0.02693732294263078,0.013155422964284777,70.0,False
Q9H582,0.004234900166358589,0.004200494427204362,-0.008017357063919895,0.019652945657822826,71.0,False
B4E2Q0,0.004196251886504836,0.0031974514166026695,-0.026976393504130777,0.03544846147280494,73.4,False
M0R392,-0.004133077776089648,-0.003450028076617277,-0.02826594140328109,0.014545766571250531,70.39999999999999,False
Q7Z3J2,0.0041279287365718195,0.0015898220499642372,-0.01876443400184256,0.02243868688781784,68.0,False
I3L4Z3,0.004099902878062596,0.0046327133750857395,-0.009981231058992662,0.02044502198945207,67.60000000000001,False
P14920,-0.004095026460419265,-0.005140552313665007,-0.020456346728929497,0.010527402963624252,72.6,False
E7EST6,0.004089706533556401,0.005332915286132192,-0.007880729471211188,0.02620634387845781,67.0,False
M0R3C1,-0.004085221914732645,-0.009582598836941925,-0.03384578187599028,0.0014889812455378092,74.4,False
P80748,0.00408386127447503,0.0026422793435399287,-0.014091262266875628,0.023596730913012374,64.4,False
Q9UNA4,-0.004082411236519732,-0.008368046033075768,-0.030687477270010706,0.0,72.39999999999999,False
A0A3B3ITF7,0.004040591393496147,0.0068327567456358575,-0.004965080578591684,0.024056987397527176,69.6,False
A0A8I5KV71,-0.004032545867534829,-0.009278143927749404,-0.030213245436837108,0.0016189918859435652,75.8,False
B7ZC32,-0.0040256734466123855,-0.007660973285743993,-0.028323248750781654,0.006626167693448288,75.6,False
Q9H6U6,-0.004003682122320344,-0.005286007714242688,-0.03115524128598955,0.014751290766508194,73.0,False
Q9NP95,0.003969613795250624,0.007923857376866579,-0.008383927479091715,0.02631450724439778,80.4,False
Q9Y2L6,0.003962567033005975,0.01066999624324714,-0.004642814147916655,0.03535090050986215,78.0,False
P04049,-0.003940022687257015,-0.006866188601278489,-0.025998225564021833,0.004348450495951395,72.6,False
P02748,-0.003934296196556702,-0.0007353746928327636,-0.015071099599822935,0.015753011833814803,62.0,False
F1DAL7,-0.0038941993958885248,-0.009771440790702664,-0.025563393954592572,0.0,85.2,False
A0A087WSV6,0.0038891306433623696,0.00850258132004968,-0.024746874402059176,0.039493158106944544,79.0,False
A0A0C4DGX8,-0.0038619809131303444,-0.006142710122432473,-0.02907989900487747,0.0050050198995832025,65.2,False
A1L4K1,-0.0038271526951218224,-0.006576353691629688,-0.027443077638776275,0.009070581362937787,71.6,False
Q02641,0.003814405604039085,0.006415370685348952,-0.017170394917123476,0.032555335041143024,78.60000000000001,False
G3V337,-0.0037567650879233934,-0.00790964288773815,-0.021996407742637388,0.00513513096318867,80.4,False
Q8IY85,-0.003749428740679937,-0.010743890660668588,-0.03325573497559483,0.006182053845935441,79.80000000000001,False
M0QZR4,-0.003689075136551869,-0.005905687979949487,-0.025214530452112215,0.007785210119017256,72.39999999999999,False
Q99469,0.003687778930523932,0.0063625267188155464,-0.00817601644686636,0.025463477443514515,78.60000000000001,False
P02760,-0.003685749367968716,-0.005558849967843677,-0.030565682175086043,0.014672252437099801,69.19999999999999,False
E5RG95,0.003685736110211998,0.0073096460225853446,-0.01131674704680334,0.03566438568127627,74.4,False
Q5T280,0.00368386937681132,0.006536441075682604,-0.014557849329117297,0.03273767269882731,74.0,False
Q16832,0.0036749669445860066,0.007017191024943517,-0.006613627473999019,0.030294940107137618,72.2,False
A0A804HI65,0.0036664572295804984,0.004344295975344388,-0.012958054530292435,0.030110883070784265,67.0,False
Q9P1Z3,-0.0036648199645878897,-0.006778661021847276,-0.02764149959033503,0.009744189656674057,73.0,False
Q68D06,-0.0036455971922738995,-0.005903042142125825,-0.022522871402335578,0.010694737482088124,81.6,False
P0C0L5,-0.003623927082883194,-0.006945743851732725,-0.02935774417937638,0.0041635733671237405,72.0,False
U3KPR1,-0.003611294424619838,-0.005768538954605431,-0.023292991099546318,0.007897830919201144,75.8,False
H0YDQ4,-0.0036025602781680844,-0.005052649539016877,-0.023446496685174456,0.009072886129656687,69.39999999999999,False
P13521,-0.0035874312483671483,-0.009720100121874945,-0.028326652852583508,0.005117976125808286,77.4,False
O94973,0.0035763797096893296,0.005148413400875393,-0.0025345536633104237,0.016497257954206482,70.6,False
Q5JXR5,-0.0035668405746683137,-0.005526305043474019,-0.01879999046687051,0.003027019127980985,67.2,False
H7C542,0.00353989929694185,0.005275051504058468,-0.00734898295196554,0.02627062430600854,64.8,False
P12104,0.0035208801546694566,0.006592472924519509,-0.014338898932215204,0.031897076393871585,74.2,False
A0A384DVU0,0.0035201269489658128,0.00610683455625511,-0.008999330735709271,0.034362255927613855,67.0,False
O00410,-0.0035007231188835244,-0.008880231746379322,-0.026616256835355095,0.0,79.80000000000001,False
H3BUE9,0.003496525269446852,0.006977323759746957,-0.00872977466310726,0.027320356161383997,77.2,False
H9KV31,-0.003473081648330555,-0.007286780319529201,-0.028990313160422162,0.003755863035062964,72.6,False
P51805,0.0034613965116182953,0.005649071716468475,-0.011364875900675052,0.02129228801699152,76.6,False
M0R3B8,0.0034032837480466233,0.0018069221868982322,-0.021587727302476874,0.017807637042521852,66.4,False
A0A075B7F0,-0.0033959963825768206,-0.001262752475753377,-0.018220458923477716,0.014274711042834523,62.4,False
A0A0J9YVY3,0.003379456846431101,0.005809914654590112,-0.0074923943531905665,0.02409501026816703,64.4,False
A0A1B0GXG3,-0.0033541552206285833,-0.0031677505173244884,-0.027226725061468327,0.02550690350099376,73.0,False
I6L8A6,0.0033138190907104842,0.00853378086723639,-0.006564192902445634,0.030687965781709698,74.6,False
P54756,-0.0033081600576117427,-0.005080601260892835,-0.02221543979425871,0.014441715030715759,73.6,False
Q5M775,-0.0032932966588790765,-0.006485125494858572,-0.03424707303575389,0.015166932849549803,76.6,False
Q6IE81,-0.0032908730846362196,-0.004780815050865246,-0.02558693532896976,0.003146439665602675,62.6,False
P32119,0.003286676041655974,0.006385121427014477,-0.019156645658800386,0.03350583078383491,72.2,False
A0A0A0MSB7,-0.00325388582778192,-0.005777189713940917,-0.03176745530811479,0.016512894060498634,70.0,False
B8ZZ93,0.0032453052326480588,0.0087973388346813,-0.005953889548652482,0.03462526029668794,77.2,False
A6NIW2,0.003239933609319414,0.00776566438465274,-0.008646610663081328,0.03125610128672202,74.4,False
Q9H1L0,0.0032329199603995037,0.001296844816140506,-0.01901261358101097,0.024061217340804176,62.2,False
Q8WXU2,0.003187622748527544,0.0027664916362936595,-0.01481305262468374,0.024233169905483885,65.0,False
Q14289,-0.003186807037452367,-0.004482660542164499,-0.01774198135293373,0.0056671119386807085,70.19999999999999,False
K7ELW0,0.0031116881730027463,0.0039079707350228275,-0.01477987554182113,0.026005959531029472,66.60000000000001,False
Q6NSJ2,-0.0031106868708060224,-0.0033231864391940536,-0.020465887017983405,0.009994405006735154,60.8,False
F5H7J9,-0.0030999857247189892,-0.001559621232211965,-0.02655752355546425,0.023929999187142274,70.8,False
H3BLT0,0.0030874101285800304,0.005697745346747607,0.0,0.019457215986209007,67.2,False
A0A7P0Z482,-0.0030712653532954702,-0.003630044289535008,-0.022500720309074514,0.006299551996696297,62.6,False
Q9C0D4,-0.0030050522513008827,-0.0045764186002955915,-0.02789688655909228,0.014811107713050605,64.2,False
S4R405,-0.0029733449768660704,-0.009625154868190933,-0.031225754525041886,0.006396780593409916,80.4,False
A0A0G2JNB1,-0.0029250937808076144,-0.004213116234192761,-0.019782430233422833,0.005961645381093894,64.2,False
A0A0D9SGH0,0.002895284191908732,0.006971099383881571,-0.00653984096848716,0.02870175456459064,71.0,False
O14526,0.002879352755953289,0.011072796720159568,0.0,0.03349954122374252,77.60000000000001,False
Q5JT55,0.002869958614192179,0.0047260272562746316,-0.025968979581493145,0.03608140703860495,76.0,False
Q9Y234,-0.0028637435669340862,-0.009518131249865325,-0.036148445659873456,0.01074530583238084,76.6,False
P00739,-0.0028450173966576356,-0.0029227431746347197,-0.027914619698119588,0.019032689053893184,69.39999999999999,False
A0A7I2V2K1,-0.002829303563546618,-0.0095338059729433,-0.021215585001842736,0.0,89.4,False
A8MUP8,0.002826453562235948,0.003874568008076901,-0.006732085334942173,0.015750801523351052,66.8,False
E5RI94,0.0028249027433610847,0.00657319946278333,-0.0011190933993684992,0.021228678835346227,75.4,False
Q14C87,0.0028135276475382237,0.002356166282237987,-0.015240899214595066,0.01938822131604157,68.2,False
Q9NY27,-0.0028036387973613794,-0.004922893196593568,-0.029692947559762026,0.01121554241026238,63.2,False
E5RJW7,0.0027738534354165875,0.005267475178305572,-0.0012427380199233897,0.02171353866921437,66.60000000000001,False
A0A6Q8PF30,0.0027129770807765258,0.010020760456336082,-0.011259545914262786,0.041772166547818505,76.4,False
Q99590,0.002711150319228559,0.005406772167423392,-0.0025485737409127606,0.021131292742152624,68.8,False
A0A0A0MSV6,0.002690548552859745,0.0030483950766362856,-0.018139464670198814,0.022486275998056682,66.2,False
Q5RHP9,0.0026777566964699094,0.009813430888448306,-0.01035655310661557,0.035813810355911094,80.2,False
J3KN23,0.002651409615869931,0.0034602889729521643,-0.009502160612485537,0.018849617408458252,65.0,False
D6RA70,0.002646808282357173,0.004472554120025705,-0.0015393987876670624,0.01836606008272629,63.800000000000004,False
A8MTU2,-0.002615138511725838,-0.004334468251370976,-0.025162739712384547,0.009575225686476225,68.2,False
P19827,0.002610152241479631,0.0034538767141774475,-0.014591371686080996,0.019846263101293758,73.0,False
C9JNU9,-0.0026097157789214055,-0.008419640125071912,-0.028401938123949744,0.005943231746369894,75.8,False
X6R7X0,-0.00260255073559618,-0.006273650402056671,-0.02787306960449712,0.01488247469446384,73.6,False
A0A7I2V5P2,0.002597154169940887,0.0058683235289570404,-0.01647156710028448,0.031291961600047075,69.6,False
H0Y599,0.00256468443600034,0.00627284325048287,-0.0005067364919159699,0.02121891351837871,73.8,False
Q969Y2,-0.002564046291200706,-0.007374193857406966,-0.02596235245594109,0.003004161714501741,75.4,False
E5RHP7,-0.002553241882924172,-0.002034377729116003,-0.03386507567277103,0.03330120414568519,80.0,False
Q12841,0.0025097312373875682,0.003973488173826112,-0.012328626839530829,0.021586971546767402,69.19999999999999,False
A0A590UJ62,0.0025002159989116987,0.008350624379207293,0.0,0.021754612992978466,79.80000000000001,False
O00253,0.0024714811105422414,0.007569356104720545,-0.012155382580091374,0.029588342640281776,74.6,False
P11766,0.0024405590756984385,0.0032448232018719935,-0.0068167816004861,0.019176317874517596,58.599999999999994,False
B1AL40,0.0024360874700917784,0.004172032553193545,-0.019597986153739547,0.030204559005480844,70.39999999999999,False
Q99571,0.0024031717246116063,0.00897214754988113,-0.007360935205466,0.027781363576889633,77.2,False
A0A7P0T877,-0.002381812487337452,-0.008441386529363343,-0.028326496220106304,0.0024289171077661485,76.4,False
A0A3B3IT07,-0.002380302288169432,-0.005339966909134046,-0.02895440628246356,0.01544072979330954,75.6,False
F6SDV2,0.0023510447811945015,0.003222477586552548,-0.02635280445109581,0.03853203318921484,74.6,False
E9PC52,0.0023271677698612605,0.0026144420759242723,-0.012288418128928428,0.01981553517055324,62.0,False
A0A286YEY5,-0.0022938090620489,-0.006509219356847368,-0.02872583169099404,0.015115586909795265,75.0,False
P69905,0.0022921822580366825,0.0073119021126381275,-0.009126965130377905,0.028275435658047323,77.60000000000001,False
P49736,-0.00229082501462888,-0.0034793705488706025,-0.02495804790201455,0.014241147925448356,68.60000000000001,False
O75086,0.0022807883337585904,0.0033003900063195463,-0.014623103031373371,0.01729900328268286,75.6,False
A0A096LNH6,-0.002277719655478843,-0.0017192399828396612,-0.022701282824953237,0.016152563433305015,65.0,False
Q49AM1,0.0022738393505036735,0.005729962986252963,-0.009026091713048337,0.02677768693995772,72.39999999999999,False
S4R414,-0.002264032549758029,-0.003911193911096328,-0.02336406281244156,0.013129893312486917,66.8,False
D6RIC6,-0.0022486778675064717,-0.007184392830251525,-0.035214627996252745,0.010099005655173281,67.60000000000001,False
A0A0C4DFT3,0.002222191016101906,0.004004392129211271,-0.018207236333081085,0.028946251078044247,70.6,False
A6NKZ2,0.002213459991772654,0.008231196054805285,-0.00897582347009948,0.030660766387018947,74.8,False
Q8IZH2,0.002208447353999209,0.0041653886755291854,-0.006722524174895849,0.020131379400536213,72.6,False
O75132,-0.0021796045683584358,-0.003047173355295151,-0.020499277067929405,0.012152654566134674,65.2,False
A0A2R8Y3M4,0.002177041548683667,0.005529351147040885,-0.01145065218725356,0.023783514147322087,74.4,False
I3L1F1,0.002168883936908404,0.0026194697496086405,-0.026002463355247852,0.03927665053293057,75.2,False
Q9H6Z4,0.002149418384278342,0.001775244670552761,-0.022246248630136443,0.019573482924189263,66.2,False
D6RB97,0.0021304159055437685,0.008726476023630272,-0.006455852757506185,0.03267956596998164,74.6,False
A0A804GS07,0.0021271917853150305,0.00156612104737504,-0.015458329318993932,0.020038711955816156,54.800000000000004,False
P31751,0.002099426186398533,0.0054216385878799195,-0.013781831868748233,0.030104833258531204,72.0,False
A0A2R8Y7Y4,-0.0020806977037987015,-0.0032251648584336236,-0.029399375181698044,0.020009979648440663,73.2,False
P55084,0.0020705398558293637,0.00703942259454226,-0.001823650657810504,0.029357202038625844,71.2,False
Q7Z3J3,-0.002070524278577429,-0.006881624902888545,-0.024903857399096774,0.0018039154931261659,70.39999999999999,False
Q9Y5G2,-0.002046545607795664,0.0004331015883671334,-0.011648086651301204,0.015616508580425922,50.6,False
Q7Z6L1,-0.002042814112298761,-0.0029324333945733483,-0.01577782411943009,0.0062646526635608615,62.8,False
Q08AE8,0.0020368537502613274,0.006319604351320258,-0.012129027329098492,0.027580642402851355,74.4,False
Q9BV86,0.002024134503264997,0.002082568690620904,-0.022149251094049183,0.028910297634990964,69.8,False
A0A494C032,-0.0019998300731544965,-0.008068830627338722,-0.029361060851115967,0.004186975921406786,74.8,False
A0A494C128,0.0019986742188264784,-0.001215656772354074,-0.021487949011466886,0.015527489809257862,60.199999999999996,False
Q96FN4,0.0019981396287421325,0.0044884282605782274,-0.019536816639607164,0.0283212774354143,70.19999999999999,False
E2QRE5,0.00199746787914244,0.0027716899735710666,-0.01377668231146628,0.014272860428000378,81.0,False
M0QZ97,-0.00197034030718383,-0.006300008527991216,-0.027560647980315153,0.011198388915177044,73.8,False
Q99543,0.0019618211824174473,0.005909465874516843,-0.004580947601566224,0.02465966848408675,69.6,False
A0A1B0GV10,-0.0019573554476696865,-0.00980024103486708,-0.02818941470702994,0.0,81.39999999999999,False
O60784,-0.001919896758232632,-0.0027224101078554114,-0.024175367124486338,0.017359415876970704,66.0,False
O75150,0.0019174938626750995,0.0065562103593488005,-0.0021756797931432137,0.02834557832209735,72.39999999999999,False
O95153,-0.0019066880544592823,-0.004546990910283163,-0.026905265000771044,0.008703534256087083,60.8,False
A0A1W2PRG9,0.001886092513386325,0.002859000581210217,-0.020355787924503314,0.026596223044921055,67.60000000000001,False
D6RIS7,-0.0018349685969482304,-0.004647807575066959,-0.025195997925771173,0.011267397407059003,67.0,False
O60884,-0.0018288502657042328,-0.0025869326316389062,-0.02233410035344022,0.014566572415975372,65.4,False
Q14699,0.0018209868694892503,0.004886484019213657,-0.008099909034071482,0.024562402148305622,67.0,False
O14757,-0.0018108770847739685,-0.00010804541303078431,-0.01697315227315605,0.018407719892443636,60.199999999999996,False
Q13033,0.001797192115867057,0.00020080597292119128,-0.022363285903921323,0.023649037012609526,69.19999999999999,False
O14791,0.0017965908739329573,0.0042134792485466095,-0.011108373444712445,0.022336496996602062,66.0,False
Q5JYT7,0.0017951211271067691,-0.0009857478614317741,-0.019549573519457873,0.013640047923398674,61.199999999999996,False
Q8TD43,0.0017847367527599124,0.002597887004880659,-0.012135074714466678,0.018935109440411615,62.6,False
Q6IPM2,-0.0017752245769787865,-0.002233191243250669,-0.02211344916966017,0.011930255868337342,54.6,False
A0A7I2V4H6,-0.0017617178842695516,-0.005630952395155619,-0.0260520639748648,0.006335561522517078,70.19999999999999,False
A0A8C8KL71,0.0017590115786326889,0.00038432107197170753,-0.014075115911253232,0.012636361454513904,59.199999999999996,False
A0A0C4DGA7,-0.0017585282390257756,-0.002580934639108307,-0.017329985485036174,0.010887687961471583,59.199999999999996,False
Q9NXG0,0.0017436688408405039,0.005281068977208675,-0.01954725928203092,0.03291337655658681,71.39999999999999,False
A0A7P0TAK3,0.0017382529618640138,0.0044769262043686565,-0.021535704566792647,0.028971716928404525,69.8,False
E9PNV5,-0.0017211409832687122,-0.0035822830991954794,-0.022992829927461926,0.016131122131925937,72.39999999999999,False
Q08043,-0.0017065029088141116,-0.0019138976690273818,-0.021035316630651977,0.016090911828301822,63.0,False
P0DJI8,-0.001705530189130969,-0.0013337193635360285,-0.022251831926906007,0.014138928150520653,60.4,False
A0A2R8YG95,-0.0016664372963444316,-0.006069163790442923,-0.026736491117490397,0.005497776940728826,69.39999999999999,False
H7C0T6,0.001643049805852195,0.005889830687289141,-0.008067619897534259,0.024201390280973917,74.2,False
Q15276,0.0016370368054866523,0.0032119804326547602,-0.006820383039202367,0.020762882276071017,57.199999999999996,False
F6WZM0,-0.0016365187144747433,-0.007067945012775162,-0.029865520488855015,0.006479395319665382,72.39999999999999,False
H0YBY0,-0.0016344357440981113,-0.009657866839473677,-0.031172762038158573,7.233547115429703e-05,76.2,False
Q9Y5G3,-0.0016136365010256005,-0.008653737520341846,-0.03014095552998354,0.0036961463938612825,75.4,False
K7EIU9,-0.0016111097302351975,-0.007811233913633725,-0.024115322964522977,0.0,73.4,False
S4R3N7,-0.0016098152130228115,-0.005388508674765875,-0.018870569535686398,0.010123246090564825,78.60000000000001,False
Q8NAV2,-0.0016081118484027868,-0.008093572926828163,-0.03249332196381434,0.008273141305055987,74.2,False
P78524,0.0016036602693800938,0.0013823784790832458,-0.015419643181076846,0.019224589341066245,55.60000000000001,False
P01023,-0.001598538761621426,-0.0027965633372127635,-0.020547513963100002,0.01293202624243557,66.4,False
H0YBT4,0.0015810396979157504,0.0011112598474854595,-0.01574767043570141,0.02503110200383132,63.2,False
A0A2R8Y700,0.0015692608787689242,-5.37966434032876e-07,-0.019495275021711698,0.0135967899889338,74.8,False
A0A0U1RR22,-0.001565616461318761,-0.0004877247569850578,-0.023710353979735754,0.0157169081830807,63.2,False
Q8IWZ6,-0.0015509715654743715,-0.003172923619414521,-0.016596516485523426,0.014079350061169244,72.39999999999999,False
A0A8I5KTZ3,-0.0015501619659595892,-0.00711382345920226,-0.032212321674875775,0.010412096286367302,72.0,False
E5RIN7,-0.001528158334158908,-0.003961728428604575,-0.018033336979366762,0.0035731278302376574,61.0,False
Q96A65,0.001467661283879336,0.0022954940035410914,-0.014410122926763403,0.01539350270097185,70.8,False
Q8IZC6,-0.0014293324635213127,-0.00216070962542406,-0.018865321733717286,0.012557801277738772,62.2,False
P02747,0.0014148322666508893,0.0035454527525358706,-0.018915516836161703,0.025392766573380018,68.8,False
Q13253,-0.0014051610576491492,-0.005035037316469577,-0.026509953523190088,0.012995475361971506,68.8,False
A0A7P0T8F3,0.0013948171229489306,0.006097809127857769,-0.004015350474448881,0.02886871873695114,66.8,False
A0A3B3IU69,0.0013907302089873912,0.0024361396425395723,-0.0213707110506381,0.021724404267900316,69.0,False
P07900,-0.0013716451882633796,-0.0040869105340639745,-0.018002271138719224,0.016362131143962653,79.4,False
A0A286YFD1,0.0013590297723721874,0.0007473516813562757,-0.01135551199453955,0.013120216526031448,54.0,False
Q5JPF3,0.0013476507910692528,0.004223854271147058,-0.014480375044425191,0.01668825453417904,81.0,False
B4DH95,-0.0012466758578430607,-0.007122652529031883,-0.025232354443542184,0.00483579486100906,70.19999999999999,False
F2Z2X8,-0.0012193919652579573,-0.005521321680399601,-0.029602356059341767,0.008893766030113711,65.2,False
K7ERJ7,0.0011998684527819408,0.001528158745399642,-0.0095828266483994,0.015214138448815055,53.800000000000004,False
H0Y5B0,-0.0011960519794643378,-0.002372308179806235,-0.017609210299492632,0.00943506898047875,56.39999999999999,False
H0YAS8,0.0011835892337939114,0.0007863787110274751,-0.012332266755498263,0.016805504018530988,52.6,False
Q10471,-0.0011647905356606796,-0.0033380292439858556,-0.02245296774042983,0.011899610131748107,65.4,False
Q7L7X3,-0.0011644748376757996,0.0006629932243831324,-0.025676432848839668,0.028715241929178112,76.6,False
A6NNA5,-0.0011434012429596709,-0.0024818756214782553,-0.016847610832585208,0.004664318391284804,56.599999999999994,False
Q8IYR0,0.00113749971804664,0.003339505181062981,-0.013334593288010562,0.021455460491911722,64.60000000000001,False
Q86W92,-0.001134496256638743,0.0010459835688347186,-0.013051368372384234,0.021753619894973427,54.0,False
Q8WYL5,-0.0011039860374822356,-0.000482078307655541,-0.028826170385468416,0.03012314318215271,78.4,False
H0YB88,0.0010952952202474729,0.004498690843361518,-0.015884765162643907,0.031208830848284626,70.0,False
P35527,0.0010937820923775413,0.0016200094367713573,-0.0136447083212508,0.02085178446352337,58.599999999999994,False
D6RIY3,-0.001088047776324569,-0.008350266896768455,-0.02947781644202664,0.004809876619368745,77.2,False
Q8N2N9,0.001035458497000637,0.004088300634623297,-0.02224509675375244,0.029668550343520166,70.0,False
A0A7P0T8V5,-0.0010231060261199354,-0.0037429446811806395,-0.024559481657366093,0.013734610249057554,67.80000000000001,False
B7Z1I7,0.0010160701279297612,0.0017062479045139615,-0.013459432298867183,0.02112235990459959,57.599999999999994,False
A0A5F9ZHX5,-0.0010149904104403676,-0.003819040254942935,-0.02276802642868834,0.01866637219454952,76.4,False
F6WF08,-0.0010140292399110032,0.0003166013668035278,-0.014944496182326062,0.01938924428483434,52.800000000000004,False
Q96C45,-0.0010064783550963704,-0.006500389660824542,-0.029410863580096033,0.0065133133603101,67.2,False
A0A087X1J4,0.0009980029141678883,-0.001951886261923565,-0.021757025738198717,0.013793517139988862,65.60000000000001,False
B8ZZ75,0.0009689967388882355,0.005083963744416787,-0.015734519588006896,0.0317558411209215,70.0,False
P26038,-0.0009677256833035189,-0.001232234394334453,-0.022159810655646886,0.020481093302179846,78.8,False
Q9P2N2,0.0009574368450610086,0.0010656005250067905,-0.02299238558326413,0.021798979911207998,66.8,False
A0A087X1R1,-0.0009128278401853886,-0.0054309824902022295,-0.02749758413564047,0.014716118599230112,75.6,False
Q92935,0.0008996532930540259,0.002458451243053766,-0.01501873517987538,0.024556294281211852,62.4,False
I3L4R4,0.0008971780795616482,0.0022239885424244136,-0.016451242101413997,0.02467442804781747,64.4,False
Q9UJG1,0.0008497560277064887,0.001153105612415633,-0.01643059019204031,0.01953529764193766,62.4,False
A0A494C0M2,0.0008031692851392887,0.00666831344014328,-0.005482498121289348,0.031098210859925465,66.8,False
A0A804HKM8,-0.0008029028281250168,-0.00410428503535187,-0.02149424659497772,0.009418250764518328,66.2,False
H0YNU9,0.000792234672374213,0.0012279377321307377,-0.01924728088347694,0.021752351392586015,65.8,False
J3QLS3,0.0007833743030145311,0.003819876589129624,-0.006250137198090654,0.021037876339003028,62.0,False
A0A0C4DGB2,-0.0007225911550264249,-0.0018451332129698584,-0.02094572239356356,0.015309056098213331,52.0,False
K7EJG8,-0.0007219474722309389,0.0027792868974486425,-0.011596991918381948,0.02045458849079149,57.599999999999994,False
A0A0A0MQZ8,0.0007152649658623778,0.003408286812613747,-0.021581713380198576,0.029490859069431434,74.2,False
A0A5F9ZI39,0.0006760624128787688,0.0032095059455585985,-0.00750528988998388,0.021116116700425628,54.6,False
E5RJT6,-0.0006723046478387523,-0.006567075553887705,-0.02744333679594319,0.002188291561762365,62.4,False
M0QZH6,0.0006601179854612481,-0.001540574599370854,-0.028818561468757508,0.01842733584388245,67.60000000000001,False
A0A088AWN3,0.000652520935835208,0.0012485623762577714,-0.012483414573898136,0.01604944046283525,62.2,False
H3BV44,0.0006481407544072713,0.0035676522424836305,-0.020617957198790313,0.030690489586827675,73.0,False
A0A8I5KSV6,0.000639821651787857,0.0017822237808324576,-0.017653337170688954,0.022929539247439,64.4,False
C9JYU3,-0.0006239699350835058,-0.0051987059220713165,-0.03707705073289622,0.016903448208125983,69.39999999999999,False
Q58EX7,-0.0005975175035114544,-0.003704302814154732,-0.020566251651471412,0.009390014936050519,65.60000000000001,False
D3YTF2,0.0005890313888848525,0.006389920737773125,-0.010271362258252528,0.029343756878050953,67.0,False
A0A075B6H7,0.0005876627302987164,0.0059055474167397344,-0.0075932063129887425,0.021101425433643767,70.8,False
Q96EY1,0.0005827455817832658,0.00540915991686754,-0.0022195076621160754,0.02428822541625515,67.2,False
P10153,-0.0005754513944314861,-0.0065979149151232305,-0.027276244357058197,0.009467746570552367,72.2,False
O43310,-0.0005696214124003992,0.00022853971156587056,-0.013453170319236088,0.015669417869286852,56.8,False
A0A140T979,0.000562284201000446,0.0009600480805747081,-0.010096290971632239,0.012594668482467309,54.0,False
A0A0G2JNW2,0.0005411837374258646,0.004355584526350513,-0.016450147900320043,0.03180813865582443,73.2,False
P01591,0.0005293744615058167,0.005134459365450834,-0.005706041152173076,0.02470053829636095,62.0,False
O43639,0.0005082696767937759,-0.0004157286724277006,-0.021794342664567316,0.022171059887503224,63.4,False
G3V1N2,0.00048568658176069256,0.005111416941063018,-0.011816893432081744,0.025856236129632046,71.8,False
A6NKT7,-0.00046255129520540565,-0.004922688166320375,-0.023532141294969867,0.006486493351765952,63.800000000000004,False
Q86YT6,-0.000456767645269609,-0.004499376745243483,-0.02469446536813225,0.01082235706027881,65.2,False
H0YBT0,-0.00040572708617820144,-0.0006368419799404471,-0.013828497157052078,0.016637275697955697,63.800000000000004,False
E9PR81,-0.0004013239735643561,-0.003214363356144677,-0.02552589033428266,0.015884635922025048,66.2,False
F5H637,-0.0003963103705169732,-0.0013336834330999628,-0.02312206053916263,0.017903670862202944,68.4,False
Q14696,0.00039091103407442733,0.0010371309747217053,-0.013374830807076925,0.012915970464844616,63.0,False
Q14703,0.00038548483062650053,-0.001475272390099203,-0.022135848082831932,0.0156272175013451,64.8,False
Q96CB8,-0.0003768825782291935,-0.004682006909747021,-0.02899660706645849,0.011170711120468427,70.0,False
A0A0C4DG71,-0.0003647379235018829,-0.0027013514840017188,-0.017995716921208132,0.011388579591947372,57.599999999999994,False
D6RF22,-0.0003517632352282614,-0.007654031395742179,-0.022776179069359886,0.0009569683346257928,77.2,False
C9IYN7,-0.00033145993131621467,-0.004480040908508255,-0.025827564081030815,0.005240021703523115,57.199999999999996,False
A0A0A0MR25,0.00032398549116094893,-0.0007008481058567072,-0.025582696536138337,0.022315375538367814,64.8,False
Q9P2K3,0.00032111769979855054,0.0030708807362046747,-0.0014007820497493584,0.014863239419310887,57.4,False
Q7Z5J1,0.0003138678526841248,0.0012164295207430075,-0.007597723527248899,0.014454822073382216,49.2,False
A0A6Q8PGW7,-0.00030633779058244993,-0.0032939614471436235,-0.020108989822017732,0.0019530399298893389,53.6,False
H7C2N5,0.0003034384981628406,0.004573961339554671,-0.01270967122207523,0.029157293277649817,70.6,False
Q9BZ29,0.00028172643912395664,0.0026930428062769554,-0.016023320211983116,0.02926255641767312,67.4,False
H3BPW2,0.0002451718766235493,0.004979738062670423,-0.01113111779963327,0.025771123754077675,68.0,False
K7ENM5,0.0002310537208430327,-0.0009100098223600685,-0.015166375796176584,0.011215310043799448,52.0,False
F5GWB9,-0.00023016142117059985,-0.0016761515538569513,-0.016911027714155893,0.013038482082768787,61.8,False
Q9C0I3,-0.00022618822570713893,-0.004932523948359282,-0.02152192198921908,0.004303119239948371,66.60000000000001,False
P01714,0.00021636014373362564,0.0037638102385404116,-0.014825435298095645,0.02822708587502372,64.0,False
E9PMU3,-0.00020952173023561693,-0.005054130809012342,-0.02078257929904414,0.0,66.60000000000001,False
Q1L5Z9,-0.00020850133151504313,0.0004678374907861471,-0.01920946519239371,0.022554988701706056,63.2,False
Q9Y4K0,-0.00020483158585005593,0.0003673498116985731,-0.01368144223910793,0.01738115369557522,50.6,False
A8MY60,-0.00019804412522190766,-0.00019954262790074567,-0.02732289940839162,0.02488330661049139,81.8,False
Q8TDI0,-0.00019572236174949332,-0.0033066043560626675,-0.015157326277125729,0.006370280081331135,61.8,False
A0A1B0GV02,0.00018920004493290307,0.0026711026564153785,-0.0038926108110006415,0.013494985086959392,54.800000000000004,False
D6RE13,0.00016292297873841288,0.008274888084648746,-0.010172821387143555,0.033632971556114256,76.2,False
Q9H175,-0.00014824632055074832,-0.00012524769130287387,-0.02353074753285106,0.020446574216846036,68.0,False
A0A7I2V646,0.00013324039377341618,-0.002899518200899858,-0.024440224586435744,0.011885640405491381,61.199999999999996,False
J9JIE4,-0.00012208947825374856,-0.005338658355388734,-0.03641122680838179,0.021754098895409565,74.0,False
B0QZ36,0.00011049778578991028,-0.001556787573311865,-0.026235699657872195,0.022678163295131105,71.6,False
F8WF42,9.3943808952574e-05,0.00029530967207778546,-0.019451263704328713,0.018530064124535513,65.60000000000001,False
A0A7P0T8X9,-9.309909701423527e-05,-0.007944036883833426,-0.02865194593543501,0.007846813223680386,74.6,False
P01762,7.897089543697339e-05,0.002317197131804501,-0.010140126129742043,0.02167166422399106,57.4,False
Q7Z478,-7.633188779695349e-05,-0.0036254153597741383,-0.021442577239122445,0.0167376831170749,64.8,False
B1ANH7,7.577306406197446e-05,0.0021668697142880325,-0.01970321870893677,0.022324422047682424,67.4,False
E9PKA8,-3.106656124406184e-05,-0.0021243983685299748,-0.02271977669024636,0.013468883373015422,62.2,False
F8WCZ6,2.3763452076515897e-05,0.0026520331676738594,-0.01803037652012646,0.02779426754456017,66.2,False
Q5VY30,2.2222222876883455e-05,0.002969642003170674,-0.0006356264432080893,0.014753964548376165,55.2,False
O15015,1.031436722541951e-05,0.0030935408103987755,-0.014501888203286236,0.02614022476048197,64.60000000000001,False
