Protein,Coefficient (Original),Bootstrapped Mean,95% CI Lower,95% CI Upper,Selection Frequency (%),Significant CI
E7EW00,0.11218975831910147,0.038315640620816736,0.013830316981881198,0.061126877010176994,100.0,True
Q9NVR2,-0.09204641547320938,-0.03485731333807396,-0.06200668517613294,-0.0069809406432553124,99.8,True
Q9Y4D1,-0.089390556839312,-0.03285920721220352,-0.05056599379693943,-0.013543787593712503,100.0,True
G9CGD6,-0.08307486683042124,-0.03182217766415565,-0.05927952838473081,-0.002266688602945258,98.4,True
Q9NVI1,0.08116207186207354,0.035185052136021605,0.009669804030856419,0.062297872531987125,99.6,True
Q8TCC6,-0.07998841875362642,-0.02977734639360913,-0.05575511478710448,-0.004716947251760653,99.0,True
A0A8I5KX78,-0.07977748335546724,-0.033990966425199574,-0.07155171774933233,0.0,94.8,False
O00712,-0.07597661184034185,-0.03336337138688625,-0.06570373471529992,0.0,91.8,False
E7EWD5,-0.07358133773065031,-0.030947637661622705,-0.05873088868895408,-0.005785006672461331,99.0,True
A0A804HJY3,-0.0725924273143298,-0.03216795966914122,-0.057000923858341386,-0.0007419510301412273,98.0,True
O95295,0.07255914591908044,0.02961248906083613,0.011252137342937923,0.050068313809081555,100.0,True
P98169,0.07169986236120036,0.03291075646020486,0.00419941436545702,0.05848185239984429,98.6,True
A0A8I5KQ45,0.06923621164758562,0.02875820450285825,0.0,0.060783257833734,96.39999999999999,False
Q5JWV3,-0.06903579023636061,-0.0287263216208026,-0.05760119381469976,0.0,89.60000000000001,False
O15211,0.0685320221758361,0.030865707849416266,0.008269417458080039,0.05801609992789885,99.8,True
A0A1B0GVI3,-0.06725584198632086,-0.028000154335927303,-0.05718820638851286,0.0,96.8,False
A1IGU5,-0.06630103992783518,-0.031028927528306844,-0.05628559686236036,-0.0029526292390982486,97.8,True
M0R009,-0.06429250121755085,-0.028672436083426144,-0.05323908598205868,-0.00032195241801988295,98.0,True
Q96F81,0.0637566275171226,0.025334484575304815,0.00527145732754759,0.04686046561030652,99.6,True
Q6PL18,-0.0635985044723083,-0.0293290555291489,-0.06147183779566976,0.0015016740605160743,90.0,False
Q3LI64,-0.06280220685426009,-0.024624718952719112,-0.047011666861995954,-0.0031323802101381015,99.0,True
D6RF20,-0.06186137750083029,-0.027832559210354338,-0.046859481987520796,-0.00580017682134286,99.4,True
F8W6X9,-0.061526854414874405,-0.02750884147574698,-0.06495084180731196,0.0,91.4,False
P13056,0.061447634070976025,0.0267212741654838,0.0,0.05708724907522498,88.8,False
Q96AE7,0.06044583311025186,0.02837663581152556,0.0034122784344479376,0.054351481726482874,99.0,True
K7ER74,-0.06023981083462012,-0.02660797855768117,-0.04755313408122481,-0.003874163724564587,99.6,True
A0A2R8Y812,0.06006302823673809,0.02547770592343657,0.0,0.04939106185438635,95.8,False
A0A7P0T9J6,0.059713362045920225,0.025727969792798955,0.004485675823701856,0.045320223561926505,99.2,True
A0A087WX15,0.05887424500880009,0.027517314112946157,0.008219526465716357,0.04904314606796557,100.0,True
F2Z2A4,-0.057413894209426164,-0.026287163550319025,-0.05794023098417978,0.0,94.39999999999999,False
P35609,-0.056891030447977914,-0.025753300915939782,-0.040888247075734574,-0.010325430055144568,100.0,True
A0A2U3TZM7,0.0561379821511542,0.02681298196920916,0.006119484896503332,0.04429683883919943,98.6,True
P18206,0.05480548861584095,0.02495633238335174,0.008642170119094385,0.03977358753557567,100.0,True
Q9C091,0.054711358982748884,0.02297554569727949,0.0,0.048366924745906995,96.2,False
Q14195,-0.05401292593609655,-0.026512206817064735,-0.046427732047645845,-0.011237154328751617,99.8,True
G3V200,0.05287221273836752,0.023960002410287642,0.0,0.053854439278511086,94.8,False
Q8NDW4,-0.05206518466078664,-0.02516025888060132,-0.041035531405675084,-0.006524737971155086,99.8,True
Q13367,-0.051854156136952774,-0.02648857157951741,-0.05458227055167213,0.0,97.2,False
A0A2R8YD19,-0.05177455347226407,-0.02397696618431632,-0.0403299120968838,-0.006682864526207017,99.8,True
G3V3F7,0.05176309358505427,0.024501128381748578,0.0,0.0484076047607555,94.6,False
P54284,-0.050735608195089286,-0.025769761341123642,-0.047903688269415906,0.0,97.0,False
P17948,-0.04988620523209221,-0.02542277446241023,-0.053634455629016614,0.0,92.0,False
Q8NE73,-0.04926399485724837,-0.02313107346860471,-0.04802376919516166,0.0,97.2,False
A0A0B4J1Y2,0.04875615102255146,0.021319656480669535,0.0,0.041733136894138045,89.2,False
Q9HCJ5,-0.048754351348279774,-0.024831572994116164,-0.055742205884120016,0.0,88.4,False
P08294,0.04766012867611544,0.02635328097443614,0.0,0.056381357217316685,94.8,False
Q8IYE0,0.04706881752575388,0.02382149878015572,0.0,0.048081354549281884,89.2,False
K7EJD1,0.04668599085423643,0.0225660299026792,0.0,0.04423096073445165,91.4,False
I3L2W2,-0.046212470977263345,-0.021774817053190867,-0.05322646550357865,0.00039309610361206983,89.60000000000001,False
F8W031,-0.04620616140196519,-0.0197873646919359,-0.04137528795493962,0.0,95.8,False
Q14590,-0.046134210132205825,-0.02513731477647304,-0.05533782637549984,0.0,91.60000000000001,False
J3KPQ0,0.04596896426132988,0.024107470160251183,0.006149344805673056,0.041679290496037184,99.6,True
M0R165,0.04596879800352696,0.023760792821759455,0.0003667894430414227,0.0445650499433737,97.6,True
Q8TB72,0.04577624906678277,0.02218063498793569,0.005388399204563658,0.03712993160592656,99.6,True
F8VQF4,0.04543140489491155,0.02273829233785751,0.0,0.04366925245771666,96.39999999999999,False
Q9GZV8,0.04519932554893201,0.02222707784167708,0.0,0.04634273106599291,97.39999999999999,False
Q5T7B8,-0.044434369197408854,-0.022464212570543932,-0.04192537848380257,-0.0026749330468327816,98.6,True
Q3V6T2,0.0443714798362895,0.02287933553197308,0.0016045233562369107,0.040510743310863746,99.4,True
A0A7P0T8U3,-0.04435057992965163,-0.02344523106464177,-0.038903586490439804,-0.005031851333017507,99.6,True
Q9Y4E8,0.04429553742647197,0.02380915227961401,-6.751974789269413e-05,0.052704232259782186,92.0,False
Q6ICB4,0.04414216559319504,0.021537320851904337,0.0,0.04751530454648962,92.4,False
H0YGK4,0.04331244043884778,0.023889873623699112,0.0035081266514982654,0.04318289333448275,99.2,True
A0A0G2JPK4,0.0430081033597528,0.02172247994739792,0.0022414239531282493,0.03657731079233367,99.0,True
P04211,-0.04297528863747148,-0.02320803089195378,-0.044909299424507707,-1.6291417882831847e-05,97.39999999999999,True
M0R1E9,0.042740486433474785,0.023233620813728123,0.004725278024098828,0.039398991760783854,99.8,True
E9PM66,0.04212027270954926,0.022829766536152905,0.0,0.04366077107398439,96.0,False
P78524,0.041381325655411645,0.021268867596243305,0.0032577084790592252,0.04291363863127913,98.8,True
P16144,-0.04078294915131658,-0.02109876752160247,-0.041985840060862575,0.0,97.39999999999999,False
A0A0D9SGH0,0.040295536773227815,0.02155181302659948,0.0,0.044475920930166314,87.8,False
F8W9L4,-0.0402593926217203,-0.022273920870569848,-0.04582865322549974,0.0,96.39999999999999,False
E9PDT6,0.040129122184317835,0.01954729708611506,0.0,0.03883433872532115,94.8,False
Q02487,-0.0392275802784965,-0.024160739092628346,-0.04663712566890708,0.0,96.39999999999999,False
A0A804HJH3,0.03897351763934476,0.02365640411593072,0.0,0.04611160123638269,91.2,False
Q6XZF7,-0.03892259195397905,-0.02129689163609369,-0.03757000146407461,-0.004341021914598725,99.2,True
Q9Y6D6,-0.038802138664847226,-0.019782694752410932,-0.031997677933650784,-0.005992986690393543,99.8,True
H0Y4K8,0.03873415232676325,0.01807577871183714,0.0,0.03807954949491396,87.6,False
K7EL19,-0.03862595620084918,-0.0200372207243462,-0.040023001977045405,0.0,97.2,False
B0QY69,-0.03852565217828885,-0.020613197230532752,-0.042349236203613375,0.0,91.0,False
F8W128,0.03849713170814816,0.020020782788605775,0.0,0.043121901197664354,95.19999999999999,False
Q9P2D3,0.038426401657462556,0.022565527458429605,0.0018482110894543582,0.04775704239017111,98.4,True
Q53GT1,0.038307739662399413,0.02270562043435408,0.00017355086149910563,0.0441746640072937,97.39999999999999,True
Q8N163,0.03820584462633507,0.021660726766480204,0.003624572871461354,0.03932769280902821,99.0,True
A8MV73,0.03813267341229487,0.023134875470511417,0.0010875280553408668,0.04248683077183771,97.6,True
A0A0A0MS09,-0.03774681335062387,-0.017491218780772675,-0.047939466534850234,0.007718144009264106,87.2,False
M0R0R1,0.0376209326391664,0.02264831516095812,0.004914964146516085,0.03663622829951318,99.6,True
Q9HAU5,0.037551426354734574,0.01999122717779431,0.002073575446482469,0.038562037595218174,98.4,True
O75037,-0.03741355081973766,-0.01733212996089873,-0.038804564399718175,0.0,91.0,False
C9JAQ1,0.037399147375238605,0.0205653167704387,0.0057045721489115105,0.034314470198689564,99.8,True
P51805,-0.03727659191040922,-0.01889723160571375,-0.03178699259003622,-0.006250798694726204,100.0,True
A0A494C0U8,-0.03701176118422755,-0.02185162326446999,-0.039346653897389255,-0.0055331398450651215,99.6,True
E5RJR3,-0.0369002294334211,-0.020917175641675282,-0.02842520167850072,-0.011413143795855287,100.0,True
G3V1D0,0.03678987088985137,0.02115998064957566,0.002492169674650551,0.041805795968573665,98.2,True
A9Z1Z3,-0.0366797246010005,-0.02410627030407414,-0.04652380169862758,-0.003263184832932824,99.0,True
D6RJB7,0.03656542617550613,0.021486584287035735,0.00012326437761291673,0.037181232042760054,97.39999999999999,True
Q02880,-0.03644714226112644,-0.022879366486235238,-0.04750508744525755,0.0,95.6,False
E9PGI0,-0.03619254757324877,-0.017598230378827486,-0.04021318683253753,0.0,90.4,False
Q9Y5E4,-0.0361892706510442,-0.02235600943607756,-0.04675421488911023,0.0,92.80000000000001,False
Q96RG2,0.03588641597965116,0.01869203742328296,0.0,0.04462905984070215,94.39999999999999,False
I3L0W7,0.03534955656782993,0.021228470531464705,0.0010935707337341688,0.03840355239231933,97.8,True
S4R322,-0.03522258443269029,-0.01856935608306344,-0.03580635191268273,-0.0003253619977754813,97.8,True
Q6ZP82,0.03514771680609197,0.01893457743565076,0.0,0.047274429280660085,91.0,False
H7BXR2,-0.03508279397730955,-0.020979636514066258,-0.05223531502759307,0.007640119461244328,87.2,False
P78540,-0.03471800672986458,-0.019173854566387226,-0.03899634635828965,0.0,96.8,False
Q86SR1,0.03418009884904524,0.02284125612338496,0.0033019145132899487,0.037350422368681475,99.2,True
F5H6I7,0.03407406454646796,0.02037618222905251,0.0007308136890628392,0.03819379440223024,98.0,True
P02748,-0.03404833053188457,-0.021372306883107827,-0.03636263587371063,-0.0038087229412762896,99.2,True
Q86XR8,-0.03398527366673242,-0.018964047401041243,-0.03752496705351979,0.0,94.6,False
Q9BRR8,-0.03295190437484879,-0.017616800452965133,-0.03379496607361615,-0.0008889947277880798,98.0,True
Q12774,0.03292335985538341,0.018382342921314215,0.0,0.03439595772791413,96.6,False
P78406,-0.032685347557030474,-0.018248254467651003,-0.03229609666112002,-0.002119998779613467,99.6,True
P01019,0.03267547544634098,0.019314386391198902,0.0,0.044263056049748666,87.4,False
E7ERK8,-0.03246509784670191,-0.01893626530709623,-0.0358012512737727,0.0,96.8,False
J3QL31,-0.03242328999922326,-0.021441604585012188,-0.04280228991578609,0.0,92.60000000000001,False
D6RHJ6,0.03217399811207089,0.019000317473898395,0.0,0.03960791015334015,91.8,False
Q6UXK2,0.032096579181128924,0.019553008351108174,0.0,0.042742391538742354,89.8,False
Q9UL18,0.03192009166820349,0.020884551472397553,0.0,0.0519851434346733,83.2,False
P29622,-0.03186584530097483,-0.019466522944231616,-0.047454326610544356,0.0,92.60000000000001,False
A0A1D5RMU6,0.03184308942206624,0.021649730403231624,0.0013712376939798098,0.036683750573662646,98.4,True
H7C2N5,-0.03175511267623315,-0.01893306519242374,-0.03391321247587082,-0.0012713311111593837,98.6,True
J3KN75,-0.031526183125730224,-0.021112476789184775,-0.04913240826706853,0.0,88.0,False
O43166,-0.03139037087495287,-0.02070026230388523,-0.031766436251440364,-0.007729813239877204,99.6,True
F8WF42,0.031341819109150286,0.019915563373766848,-0.009169629790624042,0.048144799915984166,96.8,False
A0A6Q8PGW7,-0.031205109751884275,-0.019638714091874187,-0.0541504941540954,0.0035832202064669427,81.6,False
Q9H4I2,-0.031175673503261843,-0.01984467826681549,-0.0358507386579389,-0.00022766543760547678,97.39999999999999,True
C9J7T7,0.030848700795407878,0.020691166082477903,0.0,0.040033262354481666,96.0,False
A0A0B4J1Y9,-0.030575478780344747,-0.017565547926097352,-0.048248334345240555,0.0,89.2,False
A0A7P0T824,0.030350104073263343,0.02067902414199013,0.0012000615905583551,0.037163713313431095,97.8,True
P17706,-0.030268291123064794,-0.016549066357318766,-0.04699145640778087,0.011483562887306252,87.4,False
A0A0G2JNN7,-0.030230881541224323,-0.019688792957094626,-0.04019484440428449,0.0,94.39999999999999,False
A0A494C066,0.03018596293174455,0.015706052811114826,-0.0021489448750873874,0.03959429314282766,90.4,False
K7ERE3,0.030062948063081726,0.01937400545066288,0.0010521137423287904,0.04077540801155103,98.2,True
A0A5H1ZRS1,0.02991668381843198,0.01878702780397608,0.0,0.04068061932915253,85.39999999999999,False
A8MX07,-0.02986355406415795,-0.0186473700946634,-0.034355191549552494,-0.0030580943577012344,99.0,True
Q9Y450,-0.029726910715000505,-0.018481486080845794,-0.03603721220943749,-0.0009017062596975273,98.0,True
Q9UH62,0.0295816610367091,0.018844449122906195,0.0,0.042778308511519474,94.19999999999999,False
P23786,-0.02933399814494239,-0.018793526478227768,-0.03761878865353334,0.0,94.19999999999999,False
A6NK53,-0.029240986822254893,-0.014860500835747492,-0.036637600626005185,0.0,89.0,False
C9JCA7,0.029044188937343115,0.019101772446847343,-0.00011819052442481765,0.04589265679322346,89.0,False
O15056,0.028754387829673454,0.01781839494683518,0.0022127448151064203,0.03485703026946969,99.0,True
Q9H172,0.0287487791762582,0.018970725852954055,0.0,0.03704737644668184,95.0,False
A0A7P0Z4M7,-0.028737652536069438,-0.018201891117036965,-0.04903451721733309,0.0013924797431155893,80.4,False
K7EKM6,-0.02865511705633907,-0.020079365365816327,-0.04857062971460581,0.0,93.60000000000001,False
F8WED7,0.028624619320332688,0.01727231868704209,0.0,0.037869113531012195,91.0,False
C9J973,-0.0286010098653109,-0.01988590913715792,-0.04106503424572832,0.0,95.0,False
C9IZ01,0.02856990010949476,0.01603420720186745,0.0,0.03426140951684983,94.39999999999999,False
A0A0A0MSC1,0.02840889141513571,0.019115011863015004,0.0018824894592247051,0.037285370317586136,98.6,True
Q5VZB9,-0.028342868462998272,-0.02034995211264539,-0.03646291892488471,-0.0038456457096944603,99.6,True
Q8J025,-0.028238478493322575,-0.018631227983465556,-0.04094033700737632,0.0009860402586653277,89.2,False
C9JLK0,-0.028066148701277487,-0.01870512108004484,-0.040275124266747744,0.0,97.0,False
Q92608,0.02802775048262899,0.020105709744077965,0.0007736474375152581,0.03555154491970342,98.4,True
B7ZKJ3,-0.02789338585803646,-0.020186651807625015,-0.04005069139214,0.0,97.2,False
Q6ZUS5,0.02783442024744353,0.018453171545224883,0.007546710872840939,0.029572756034991588,100.0,True
A0A0A0MR80,0.027697861685561553,0.018466543875380725,0.005857551609969636,0.03189973429541112,99.8,True
A0A7P0T897,-0.027691736824096317,-0.01910907471016032,-0.03444846088752925,-0.0020769544295211077,99.4,True
C9JFR2,-0.02762088037645175,-0.017280801281359243,-0.0397981718082643,0.0,80.80000000000001,False
A0A2R8YEL6,-0.02757714767792999,-0.02020028615299117,-0.04373949517938224,0.0,94.39999999999999,False
Q96D09,-0.027546974219110454,-0.020492871163643796,-0.03622142654350853,-0.005067551908406865,99.6,True
A0A1W2PNW8,0.027471369638576774,0.017313892838476206,0.0,0.0381076119859193,90.60000000000001,False
A0A0C4DGH6,0.02741264152038015,0.01584504011215309,0.0008563995658056226,0.031106827889764162,98.2,True
H3BRJ5,-0.027369087323006462,-0.01914663919384422,-0.04409604258670866,0.0,85.0,False
A0A3B3ISD1,0.027061128240734318,0.01449338736405256,0.0,0.03623200769811669,88.6,False
Q7Z443,-0.026898023655370876,-0.01842431976302778,-0.029742394537090922,-0.0045370839468355404,99.6,True
A0A6Q8PGG9,-0.0268176139713266,-0.019013471567253224,-0.04536667667852392,0.0,86.6,False
O75145,0.02659872992503718,0.01737527222724733,-0.0006017947748318414,0.04105669621388715,90.8,False
A0A087X0F5,-0.026323707917554034,-0.016360183435832443,-0.04018811050931806,0.0001164885775082523,86.4,False
S4R3V8,-0.026236771987480777,-0.01565017368592226,-0.032823330793016484,0.0,91.60000000000001,False
Q9UBB9,0.02614682921465156,0.018738184908464163,0.0,0.033668080146447336,97.2,False
Q9UKC9,0.02601696363853503,0.01802406795451012,0.0024155928229569784,0.030141012476368023,99.0,True
A0A087WZ16,-0.02596106615932655,-0.015060650163011526,-0.03603781527313459,0.0,88.8,False
Q8N715,0.02580867205355293,0.01681996148688656,0.005333962471514198,0.02733075112947071,99.8,True
O00253,-0.025751085371664675,-0.017399318955280543,-0.031234700291314796,-0.0029066414960969627,98.8,True
Q9Y2K5,-0.025729143648785893,-0.01952144114729171,-0.04439245465412247,0.0,95.19999999999999,False
A0A087WVD6,-0.025557417169016,-0.017522857882196572,-0.03648079381247525,0.0,94.8,False
Q3LI70,-0.025353889537105535,-0.01805706747286147,-0.03768299585707945,0.0,94.39999999999999,False
A0A1B0GUL6,0.025251649196460724,0.01756335852608473,0.0,0.03744043167394551,97.2,False
Q86TE4,-0.025121053468137002,-0.018222361505946354,-0.03384307681864906,-0.00028287796405922715,97.8,True
Q8TDY4,0.025095757108833404,0.017766911958874504,0.0,0.03328123835194868,97.2,False
A0A0G2JNC5,0.024800182305792513,0.013385550508395138,0.0,0.03358287931056707,86.6,False
Q6R327,-0.024790262884014813,-0.01340658882346313,-0.043699729960555544,0.015343781342283033,87.0,False
Q3BBV0,0.024678457977009863,0.019451122990098317,0.0,0.03932430576365749,87.2,False
A0A7I2V554,-0.02439800811152565,-0.016049662753206156,-0.035534737953477696,0.0,94.8,False
A0A3B3ITW3,-0.024314033604525803,-0.016347877805911043,-0.04350145811739378,0.008877476599990974,96.39999999999999,False
A0A804HKG3,0.02425552603425227,0.015426707730203592,-0.004650208888376685,0.03920018943173562,84.39999999999999,False
E9PKD3,0.0242396771699504,0.01808347280890667,0.0,0.034203764094202456,94.39999999999999,False
A0A7P0TBF0,0.02421118458463549,0.018257841243879733,0.0,0.038583803460158377,91.0,False
P01766,0.024118730624487626,0.01926228517051691,-0.004478422278375617,0.044596710328489365,91.4,False
Q4VC39,0.023915644637519835,0.01649680308891932,0.001791401360668969,0.028998063617693477,99.0,True
Q86VH2,-0.023715912368485463,-0.017072237174667576,-0.03232638494004693,0.0,94.19999999999999,False
H0Y4I9,0.023589945399441162,0.0186801161177873,0.0039609825174099595,0.029655290667278924,99.2,True
Q68E01,-0.02357207456092856,-0.01609637847270175,-0.035007877544358385,0.0,84.0,False
A0A087WW49,0.02356208349499787,0.01669810574379937,-0.0009760035423160299,0.04339221601262096,77.2,False
Q9NP86,-0.02344116019238636,-0.017411933885339525,-0.03282326377088129,0.0,96.39999999999999,False
A0A5F9ZH74,0.023302107677248093,0.014778723068964682,-0.005516700208449244,0.037394039974555385,89.8,False
B1AR60,0.023268313588904563,0.016168837098410403,0.0,0.040001871473061244,89.2,False
P53672,-0.02307811902850503,-0.01751533880022954,-0.04405839655580756,0.0039455636260599435,79.80000000000001,False
Q8IVF6,-0.023044786423508743,-0.016104092728599296,-0.033058890276577414,0.0,93.60000000000001,False
C9JYR7,-0.023024498704190478,-0.015065251013514178,-0.028424039195226077,-0.00031190096139836277,97.6,True
A0A804CHQ2,-0.022934469305572833,-0.018481145475979035,-0.03526556172253491,-0.0021062277813783427,99.0,True
Q71F23,-0.02290901327846328,-0.01430748869813285,-0.03800382210767622,0.0,86.4,False
Q86VS3,0.02280803823644081,0.017078525143114313,0.0,0.035144434018801164,97.0,False
B4DJ23,0.022737860030258128,0.017347489046554712,0.0,0.039100480234069805,89.2,False
A0A494C0K8,0.02265828688651004,0.01482719776699666,0.0,0.03853758735584307,85.0,False
A0A0G2JMX7,0.022589161345299428,0.01614312013767607,0.0011972451726673097,0.028846068564166612,98.6,True
A0A7P0T7Z2,0.022455609430991536,0.016027740926815918,0.0,0.031024187300060756,97.0,False
P01763,0.022354531504072288,0.0147916802649051,-0.006817357568928861,0.03597918243475564,83.0,False
B8ZZ73,0.02229151228699178,0.01719737273259556,0.0,0.03392724874662386,96.2,False
Q9BTP6,0.022290862159711246,0.016343436509270642,0.0,0.04400000569974621,85.8,False
Q9H029,0.022165542805447053,0.015727592822372335,0.0,0.03550615808456268,95.39999999999999,False
B1AHL2,-0.02214434873272089,-0.01932283713928385,-0.036781950840642154,0.0,96.2,False
P49796,-0.02209223512131507,-0.017633840697264806,-0.029656085785481363,-0.001187376838118282,98.2,True
Q7Z2Z1,0.02204568183559634,0.016711188705757152,0.0,0.0361345322902517,95.6,False
E5RIM3,-0.02193232804154342,-0.016871719586545313,-0.028699257391136844,-0.004442806173657868,99.2,True
B1ALH6,0.021897088320398467,0.014794883694708924,0.0,0.032545453730916586,94.6,False
P78386,0.02186783561125489,0.017024864109822898,0.00020776407261309526,0.03270226151477674,98.0,True
E7EPG1,-0.021729497611105986,-0.016671139735907524,-0.027733607733478553,-0.0034975848843186936,99.8,True
P01601,0.021477926752735715,0.015711387696124766,-0.0027776176025271853,0.037203025897562934,85.8,False
A0A7P0TAU8,-0.02141061061765043,-0.013113638531826635,-0.041422851680362555,0.013841692759553229,86.6,False
A0A286YFD6,-0.02139447109743122,-0.01676266524903062,-0.03987637019053134,0.0025600207524531116,81.8,False
B4DZ84,-0.02135472804782255,-0.014657756992392044,-0.04249983915443326,0.00408786950934881,84.39999999999999,False
A0A1B0GVH0,-0.02132045080061556,-0.016438414539782724,-0.036355678398619466,0.0,93.60000000000001,False
A0A6Q8PHD4,0.02130653763761151,0.017203261783780784,0.0,0.03645597008297593,92.60000000000001,False
A0A7I2V381,0.021239908990725007,0.01654055401307497,0.0,0.035642369908206434,96.2,False
H0Y4E8,-0.021215055559660623,-0.016045781867992184,-0.02782935885594292,0.0,96.8,False
P01714,0.02114876933595122,0.013176916137444655,-0.009733865479981587,0.045344475559204296,84.6,False
A0A6Q8PEY7,-0.021134686532893403,-0.013791316304167262,-0.035628409577482714,0.0034005155557980007,83.0,False
Q86UF2,-0.020957916149309697,-0.018386330305672195,-0.036643786990267824,-0.0010148047157144632,98.2,True
H7C3Z3,0.0209337340912688,0.01662677787115403,-0.004566762006689223,0.039650006919291714,77.60000000000001,False
Q8HWS3,-0.020931599080067857,-0.016115055021200787,-0.03321432922262083,0.0,96.8,False
Q9NS00,0.020927441306667727,0.017165465402197794,0.0,0.03779679535126348,92.4,False
Q96HP0,-0.02089332558353954,-0.016144995717140148,-0.03265800376886271,0.0,96.6,False
F5H7J9,-0.0208803528867844,-0.017733941344498922,-0.03061737542042891,-0.0022402558070644916,98.6,True
E9PKF6,-0.02086285999045759,-0.01612941718039367,-0.037748930543961494,0.0,83.0,False
O43707,-0.02078124396919699,-0.013024061728626505,-0.044580893266852786,0.004787913178965769,81.6,False
H7C1M2,-0.0207799379426314,-0.016326590927571268,-0.028954812296633617,-0.003615102626276852,99.8,True
Q14498,0.020616701487598695,0.015366385749342418,-4.515332800712943e-05,0.03978954281156703,87.8,False
O60296,-0.020584321337166436,-0.014784253334247502,-0.041953823242986056,0.004197734187664982,89.4,False
P00915,0.020525425144911853,0.016516153387093776,0.007087261049594654,0.024819402905913453,99.8,True
Q9Y5G7,0.02047518432214053,0.015776706580534205,0.0018340044782089657,0.02682409542034593,98.8,True
A0A494C083,0.020437086915928274,0.015832522322635434,-0.0004428097028067444,0.039434811835470596,84.6,False
Q9H7B4,-0.02043225565017839,-0.012732903943479578,-0.03555645782594065,0.0,86.0,False
C9JVG0,-0.02040423851251671,-0.013641894989470294,-0.024896237848849468,-0.00019116866951620338,97.8,True
A0A0D9SFR6,0.020220576342481828,0.016206517287110773,0.0,0.03270931843494592,94.6,False
A0A6Q8PFJ0,-0.02021651081769564,-0.01542425466789161,-0.03233906320187375,0.0,95.0,False
Q9UBB4,0.020215571744456054,0.0181528060331918,0.0,0.03671316017880654,93.60000000000001,False
A0A8I5KT31,-0.02021409779454754,-0.016327787727071365,-0.02668479755955753,-0.005651548147742242,100.0,True
Q8N5H7,-0.020079237358638837,-0.0177823628035355,-0.038006426657729554,0.0,94.8,False
E9PFT7,0.019829380587133422,0.013692961713258555,-0.0026777134024180207,0.03636135807643665,88.6,False
Q9Y2R4,0.019750283039230238,0.01449710850727798,-0.0002492105489162631,0.03662283295296888,76.8,False
A0A3B3IRW7,-0.019734702110819565,-0.014527576083339207,-0.031669849643463456,0.0,94.0,False
Q9BZ23,0.01970168670521888,0.015862677861597483,0.0,0.034216421297126175,93.60000000000001,False
Q9NRF2,-0.0196168029671711,-0.01349878005846699,-0.041095452392039496,0.0027666068355455546,84.39999999999999,False
A0A087WTR6,0.019582645858346334,0.015700905458973412,-0.004284033784822237,0.04016120360748772,87.8,False
Q3MJ40,-0.019542182684494203,-0.015393587893540577,-0.04213886527812381,0.0015324991328330094,87.8,False
A0A7I2V2S0,0.019505509053057195,0.016566248744340747,0.0,0.03640790755626877,92.80000000000001,False
Q13523,0.019482067987891087,0.018424334595357836,0.001924897231463487,0.031697543069805656,98.2,True
K7EQN7,0.019387568784707994,0.01605867788206667,0.0022155806389146534,0.03125386926953311,98.8,True
A0A087WT59,-0.019334095653486472,-0.014318280286827523,-0.035826975509295256,0.0,87.0,False
P01703,-0.019309480833890086,-0.014284070628954777,-0.028660179522103823,0.0,89.8,False
P08519,0.01930028018984337,0.015532983000375348,0.0,0.029430304750693904,97.2,False
A0A8I5KNY4,-0.019242461012923706,-0.017494788565779552,-0.041378556881076924,0.00011632075226128973,92.80000000000001,False
P00748,0.019208656290001333,0.014589742931501835,0.0,0.03465630422600733,92.60000000000001,False
A0A0D9SEM5,0.019047382494612186,0.015367055381375545,0.0009402266934205642,0.03129985806608931,98.8,True
A0A1B0GV68,0.01903155589924213,0.014905909620789293,0.0,0.030529666625056198,94.0,False
A0A0G2JMB6,-0.01899428607028512,-0.013121594468861358,-0.034269064006574236,0.0,88.6,False
A0A087WYN1,-0.01889824945360823,-0.015137341690424425,-0.0260857509885891,-0.004813483595211811,99.8,True
P00441,0.018848062840829856,0.015255733555826283,0.0,0.032431609748881665,87.4,False
P0DJI8,0.01883572553724741,0.011985717248944004,-0.004495462092932609,0.03256007473278864,81.6,False
P48751,-0.018803278180128506,-0.01580885140129429,-0.03191731999662889,0.0,96.6,False
H0Y300,0.018682858987275494,0.013091695375586247,-0.0007428899396855748,0.03833592944049954,84.8,False
Q9HC96,0.01857097493080633,0.014170064841318709,-0.0006914845023044022,0.039134630255072266,80.4,False
Q9UKX3,-0.0184303273774242,-0.012471585260989515,-0.03685251133893596,0.003562750818799326,84.39999999999999,False
Q92879,0.018429843062529302,0.01379555822466261,-0.0062062011307547245,0.03647592542429811,80.4,False
A0A804HJE2,-0.018409225849678607,-0.015840411779401466,-0.028544740005593337,-0.0030543223009162905,99.2,True
F8WC57,-0.018319298677015306,-0.015326878078283925,-0.02996748657084628,-0.0019666485847520164,98.8,True
Q7Z406,0.018317695924547805,0.014670819252116557,0.0,0.03486707918601182,90.0,False
Q5T098,-0.018246137483156746,-0.014500491141196826,-0.03003683872649774,0.0,84.2,False
A0A0J9YW37,-0.018220340987570385,-0.015391104349397444,-0.025788063031471468,-0.0003605391488651276,97.39999999999999,True
A0A3B3ITG1,-0.01817042889107485,-0.01235878454001764,-0.0334268523718783,0.0013652491924991367,85.6,False
A0A804HK92,-0.01813705375908071,-0.011409936946645011,-0.03803967811878491,0.004070957517797326,83.2,False
Q8N8A8,-0.017993130639316107,-0.01308051465044558,-0.02448753427246823,-0.0005843856524671619,98.2,True
Q8IZP2,-0.017990663831999085,-0.01373611821936669,-0.03471361589289682,0.0,85.6,False
A0A1X7SBZ2,-0.017869516008264773,-0.01228154216310194,-0.02899640536257955,0.0,91.8,False
P55196,-0.01784631092376351,-0.014848971409792178,-0.029878501365416737,-0.00045776334842817854,98.0,True
A0A0U1RQM7,-0.01782336277643103,-0.014319767993245152,-0.03173885304768993,0.004951790336225285,80.0,False
A0A6Q8PG29,-0.01772115643072403,-0.014896146839151162,-0.025654421130891093,-0.0019790223552027635,98.8,True
G3V563,-0.017588277098595496,-0.014314703053972498,-0.02532046538804549,0.0,96.39999999999999,False
O75051,0.01757511173971543,0.011063706239828846,-0.0033674339084857436,0.029195900423528105,89.2,False
H3BND4,0.01753315026191036,0.015501991695400032,0.0,0.02990812782050038,95.6,False
A0A8I5KRH8,0.017460861016643354,0.011273141362231301,-0.0012877877466461853,0.034249526748681855,79.4,False
Q86XN6,0.01738918631125525,0.014897080723284318,0.0031637184800253266,0.025148064113873117,99.2,True
P08729,-0.01732172371833731,-0.014890386840886685,-0.037875912591978665,3.920707206532107e-05,88.2,False
D6RAS9,-0.017237428153826416,-0.015274957227160723,-0.024968636015713714,-0.0021330835304133266,99.2,True
Q9H3S7,-0.017195355627743374,-0.014593636878074441,-0.022918569355848805,-0.004554542511776572,99.6,True
E7EM64,-0.017177164419991477,-0.013190153779902365,-0.029984794466632367,0.0028950428538284277,91.2,False
O43633,-0.01714863667139641,-0.014865924759792,-0.025039770528973725,-0.003498269326698073,98.8,True
A6NHB5,-0.017138365895915015,-0.01388078821517695,-0.03441610140838261,0.005891775925422515,78.60000000000001,False
A0A087WW87,0.0171227564875432,0.013037713593732984,-0.0037311231456434524,0.035582847833743096,88.4,False
O43307,-0.017039584810878722,-0.013406459035851944,-0.03172318704339218,0.0,86.6,False
P03973,0.017007282327966833,0.011865452954714226,0.0,0.03272083290918769,85.8,False
Q8TF21,0.017006442230763072,0.014267731822772462,0.0021000109327430367,0.026186894922506587,98.6,True
P00367,0.016988040876334806,0.01409633117374608,0.0,0.031055629126940053,90.60000000000001,False
P40145,0.01697238051579839,0.014670195817781145,0.0,0.03257325816389381,92.2,False
P01591,0.01694615117195227,0.013571514738479782,-0.0006248092804687263,0.03198423015213919,87.6,False
E9PKR9,0.01694575779707107,0.016102078180208975,0.0,0.029681498922974173,96.39999999999999,False
A0A0A0MTJ0,0.016917286908208137,0.008906761124659764,-0.014040953837019468,0.03971301917324821,81.2,False
J3QRN1,0.01691691234898686,0.016428217058577273,0.005455276721432861,0.025092478761148333,99.8,True
Q52M93,0.016824859313194745,0.014594620070398894,0.0,0.029309065360236756,97.0,False
Q8TCP9,-0.0168206519654044,-0.011648592692010578,-0.03105001337169093,0.0,85.8,False
C9JIR0,-0.0167790926939379,-0.013598061518735757,-0.03637335902734964,0.0020411973708293393,82.0,False
P38159,-0.01674613319850332,-0.012948644825307613,-0.024821812286559525,0.0,95.0,False
F5GXW0,0.016480577346097938,0.013023216126282908,-0.002400616523348862,0.03468447040360434,89.60000000000001,False
Q5SNV9,-0.01644868142889136,-0.014866368980245688,-0.02465390668586901,-0.0027451579661918264,99.6,True
C9IZB2,0.016417211839224382,0.015471323722353759,0.0,0.03246095109471134,90.4,False
A0A804HIB9,-0.016349357219967817,-0.015766441827238915,-0.03553404677455378,0.0,94.6,False
A0A8I5KPH7,0.01632376802951024,0.012322758808689655,-0.0012780887141896498,0.034486554783780786,86.6,False
Q5T5Y3,0.01629268531580968,0.016189301687078616,-0.0037074438804516395,0.04110473288931884,89.2,False
Q8NDM7,-0.016278129649474327,-0.013286707480641334,-0.03849448864436846,0.007986070406207298,89.8,False
Q6UXC1,-0.0162471011055143,-0.013647297545611618,-0.033559348847632765,0.008920592417946337,82.19999999999999,False
Q8IVP9,-0.01617208381196829,-0.012499397471811724,-0.03306805566407014,0.008672427101159603,86.6,False
Q96NG3,-0.016165829539661662,-0.012782522478055143,-0.031462389517748796,0.0,88.2,False
A0A3B3IS05,-0.016157597397079927,-0.01267620913033328,-0.03027143547280586,0.0,91.8,False
A0A0A0MSL0,0.01607399268862962,0.013177057387399719,-0.0002808247757629241,0.034436401609278244,86.6,False
Q96JH8,0.01600284225062823,0.015672267939654216,0.0,0.03311456803623074,96.8,False
H0Y626,0.01599463270005702,0.011176972041149142,-0.016597056651348013,0.047718777332461826,80.60000000000001,False
Q5JRA6,0.015934559343949748,0.013748643203762833,0.0,0.031202111917448594,86.2,False
P51854,0.01585916122036126,0.010839404052437291,-0.000615484042736427,0.02862485134887372,75.4,False
Q5TB30,-0.015786520930074075,-0.012607922331232462,-0.035542416651478385,0.0019880221669490114,85.6,False
A0A0U1RR22,-0.015781238369292183,-0.011843789986142921,-0.03334713711200243,0.003113782084622163,82.39999999999999,False
P02100,-0.015778773643583287,-0.01297833079625162,-0.03316180491062513,0.0022288411841005044,76.0,False
E7ETY4,-0.015676279519381126,-0.013267004762536632,-0.0337689456812048,0.007628220413317993,88.6,False
G3V599,-0.015670338966508345,-0.010585289679737493,-0.03719271055543179,0.007486073613031477,80.60000000000001,False
H0Y9D3,-0.015667231830266224,-0.012463434353132026,-0.03575103460317351,0.008995248775323927,83.39999999999999,False
Q6IPM2,0.01565370588120665,0.008517668371343703,-0.013623110308029639,0.041628700579407284,80.60000000000001,False
G5E9Z6,-0.015626086000937955,-0.010915477129378225,-0.032038574086218144,0.00105292195596317,81.2,False
P01717,-0.015617225193896599,-0.012531357843602315,-0.033492396312793875,0.0,79.4,False
E9PN15,0.015577542479899956,0.012781571064228727,0.0,0.027406889302224083,94.0,False
A0A0A0MRY4,0.015525131589835577,0.012586574265512398,0.0,0.03495450566889495,82.19999999999999,False
Q93034,0.015478923996293192,0.013681789682988846,0.0,0.03854603852787516,81.39999999999999,False
Q9Y3P9,0.015376045056323293,0.013648277980711722,0.0,0.02951067287224738,90.8,False
O14976,0.015346140501419738,0.013878964286183782,0.0,0.033665272773951815,83.8,False
H3BV43,-0.015324688312380586,-0.011522483262061354,-0.02887143202095431,0.0,86.4,False
C9J8E1,0.015313219307562007,0.012462278060902294,-0.0023147348327400407,0.03484292572531458,80.0,False
Q9BXJ9,0.015311446327717698,0.01405214382429114,0.0,0.02899189090977512,93.2,False
K7EQ26,0.015309882411432227,0.012590870303552677,0.0,0.02975092112784329,85.8,False
P0DP04,-0.0152661523487354,-0.014012822547179104,-0.034622530674089776,0.0023073956574557568,77.0,False
A2RRD8,0.015223586550199194,0.015029584075414463,0.0,0.027002324777991926,97.2,False
P42262,-0.015154787301257126,-0.012096343058546993,-0.03737738319528879,0.0056081799585995015,77.4,False
A0A8I5KR62,0.015084240518012446,0.011597225695788515,-0.006875654744973286,0.03209943620822529,89.0,False
F5GYE8,0.015037577714836346,0.014045730954648781,0.0,0.029290788933012412,97.0,False
Q9NQ50,-0.015022681854512486,-0.011761600654246624,-0.032854921305438156,0.011544991836338453,87.4,False
E9PI56,0.01488116333565528,0.014092206124903391,0.0,0.03962712860013025,83.39999999999999,False
A0A087WYH3,0.014876074158919497,0.012184796608427284,0.0,0.031362120726227544,80.0,False
A0A0C4DH32,0.014834166437318908,0.012129951794030416,-0.016666889484211463,0.04101248540728039,83.2,False
P38398,0.014754354501333491,0.015836251367868426,0.00012243827996534506,0.027165102957840533,97.39999999999999,True
A0A494C0S9,-0.014623070332852183,-0.0115159030596079,-0.031207376668171284,0.0007367827533047622,82.8,False
B1AR62,0.014530216670029936,0.012344699645791404,-0.00609444492044944,0.027483730931219585,84.2,False
Q8N7X0,-0.014499469362305631,-0.0150319636907049,-0.030006057915946047,0.0,92.2,False
Q9UPS8,-0.014497635483579595,-0.012958482056303103,-0.03752017660585583,0.005048739573106552,86.6,False
A0A286YF17,0.014373186679582872,0.014996511356502963,0.0,0.03364133751140997,93.8,False
O60309,-0.014352330303919499,-0.015128045586612864,-0.026059610839483553,-0.004082930020287115,99.4,True
A0A0A0MS00,-0.014267327754483652,-0.010404633249098686,-0.03128199606071904,0.006514527275887325,83.8,False
Q03591,0.014218956155120121,0.014021233649020299,0.0,0.02772564910440904,96.39999999999999,False
H3BUE9,-0.014182433646206551,-0.012436864454211617,-0.03433725601478045,0.0004317428205158762,82.6,False
A0A0J9YYF7,0.014153407051154723,0.01327371540246865,0.0,0.026766435875973407,96.6,False
Q9UBN7,0.014146671484857175,0.014346559814388265,0.0035037048150853736,0.02401259537578881,99.4,True
A0A0B4J1U7,0.014122084594329714,0.00950177515070543,-0.003605242337256974,0.034860489645114755,76.2,False
P05771,0.01411112751617906,0.014613956773239047,0.0,0.03018652484311,85.2,False
P46089,0.014087189066667612,0.011793081598880855,-0.011261176480580207,0.04368353393735866,84.8,False
A0A8I5KYV1,-0.01407348234916479,-0.014871760741562629,-0.03359764686292577,0.0,90.2,False
A0A8I5QJH9,-0.014059935579930363,-0.012789061141350661,-0.028055003764250068,0.0,87.4,False
P55884,-0.014039701344207074,-0.009886285634712043,-0.030007134012898642,0.002250014840949063,80.0,False
Q5JPF3,0.0139885354372549,0.015502579936428387,0.00012287594008137735,0.029898568206509005,97.39999999999999,True
O94887,-0.013821595920180707,-0.013858384481994475,-0.019834295369918962,-0.006207940645517722,99.6,True
O95007,0.013707928996827554,0.011607801024013943,0.0,0.02651928909744848,94.0,False
M0QZR4,0.013682638747665172,0.013860819510653407,0.0,0.03408384636050034,94.0,False
H3BNY4,0.013675197625619296,0.012808638061110147,0.0,0.03015669730625959,83.39999999999999,False
Q8IYM0,-0.013598403953230689,-0.014127142948065637,-0.02939954600471801,0.0,96.2,False
A0A8I5KV31,-0.013582780105647278,-0.01332363382323095,-0.028537008333643817,0.0,95.19999999999999,False
Q8WW22,0.013563437491039295,0.009869675173157635,0.0,0.027491230108845657,80.4,False
Q8N2X6,-0.013560679239110062,-0.011279115255507536,-0.03540786415198879,0.005032351741409881,79.2,False
C9JYY6,-0.013560544594662915,-0.012381721372420862,-0.025052091232591816,0.0007775814115970318,82.39999999999999,False
Q9NST1,0.013352739319011092,0.010554250568830187,-0.0006477754273902792,0.029634903640410028,85.8,False
H0Y332,0.013334821687669456,0.012505165297778455,0.0,0.029397677363421366,88.8,False
E9PF17,-0.01327021357684234,-0.009920401948909177,-0.03356719222181334,0.005713498758158512,80.60000000000001,False
Q93084,0.013261122256134487,0.009706306777203416,-0.010254160062737067,0.03255562422711625,79.2,False
A0A087WT21,0.01318214186794334,0.011816082554120996,0.0,0.031211291416141734,85.8,False
O95996,-0.013162693690101528,-0.013690536486344293,-0.0317234040427116,0.0,93.2,False
Q8N1G4,0.013128221389232567,0.013793579737962367,0.0,0.031282622885765346,90.0,False
Q53RS6,-0.01311553193126139,-0.011335349823941627,-0.02589597858978812,0.0,91.60000000000001,False
Q86T29,0.013002592705644283,0.01121567618906653,-0.00659564871196038,0.027622806816042882,76.4,False
A0A0G2JMM0,0.01300158944771608,0.011682252352300505,0.0,0.022875529990273404,92.4,False
H0YBE5,-0.012990578147882858,-0.01418718433200179,-0.029230585062643016,0.0,93.60000000000001,False
Q96JK2,0.012990576808636668,0.013233251182719095,0.0,0.02445028808523667,96.8,False
I3L4X2,-0.012920846026697474,-0.013580264371689053,-0.034668564874612354,0.0,91.2,False
Q9Y2M0,0.012919179703070566,0.013133770974214014,0.0,0.03114357819548245,89.4,False
H0YB68,0.012889220792536486,0.013967543537149216,7.359109581592878e-05,0.02632163367904363,97.39999999999999,True
J3QR65,-0.012882596477062584,-0.013057598215255782,-0.028958965379012987,0.0010528796683285085,91.60000000000001,False
P82933,0.01278825573971788,0.011535434743531765,-0.0009056573370720049,0.028482347102667938,87.6,False
O15519,-0.012782452152701703,-0.010702126335064437,-0.02696129368554929,0.00457062530392278,93.60000000000001,False
P07316,-0.01268180534000585,-0.011159157102400867,-0.025604934398892942,0.0007762117220678091,85.2,False
V9GZ54,0.012665992354371379,0.011049461058758373,-0.000711350266498106,0.0327051645131761,78.0,False
O75362,0.01266120731318498,0.014687056021573653,0.0,0.0276998242881771,96.8,False
R4GMW8,-0.012594345093545572,-0.013647362735791927,-0.027675569225863037,0.0,95.19999999999999,False
A6NC48,-0.012479655448993317,-0.011138036567488926,-0.037393945569483084,0.010661566764380835,81.2,False
A0A7P0TA22,-0.012475381879942614,-0.012965889934177787,-0.037112258212490416,0.002319469378735802,82.6,False
Q96JB2,0.012444815253250667,0.011955924674126537,0.0,0.033512532589633694,84.8,False
E9PEY4,-0.012396093781753553,-0.012750952884008012,-0.029890287353766625,0.002219569086516003,88.0,False
A0A0G2JPN6,0.012369013031147161,0.013973810414925042,0.0,0.026784387155143204,96.39999999999999,False
A0A5F9ZGX9,0.012322987599563557,0.013482933540821694,0.0,0.03515015009257603,87.6,False
Q9BX84,-0.012279600901877677,-0.009510964655874934,-0.03151071233380493,0.007061997894963733,75.4,False
B4DXD0,-0.012269804276852932,-0.009793904684172716,-0.029868682417208983,0.0012747633666151056,77.4,False
A0A0B4J231,0.012230345370118169,0.012065323911572914,-0.000851419736097387,0.03174319434686734,81.39999999999999,False
E7ESC9,0.012210973491315833,0.011928872350198435,0.0,0.029175928802801215,88.0,False
A0A5F9UK94,-0.012200544617088827,-0.01062775937950464,-0.028849732215361832,0.003812199888562454,76.6,False
A0A804HJQ3,0.012145094881710321,0.012019717957024402,-0.003839662567790979,0.03163901050389417,80.2,False
A0A286YFJ8,0.01213759223178082,0.011913662018784922,0.0,0.03555683235887727,82.8,False
Q9UKJ3,0.012120867451280139,0.012290470440328717,0.0,0.02745968425682333,94.0,False
A0A140T9M6,-0.0120961315453465,-0.009692146296477206,-0.03159970536023648,0.008578718025462636,81.8,False
H0Y7Z1,0.012081001209208759,0.012163682208346543,0.0,0.029991602345430614,90.0,False
A0A6Q8PFV6,-0.012068014353838835,-0.011135883057448365,-0.02542829898509437,0.00023112541340379117,85.0,False
Q2M2I8,0.012005307585513445,0.011887157088209933,-0.0007903366188212686,0.03320007800324467,82.0,False
Q9NZB8,-0.012003465970299016,-0.00822851095754435,-0.041179283650160235,0.017268477588841306,81.6,False
B3KQV6,-0.011959685554564298,-0.013291890167068285,-0.03302461627786128,0.0,92.2,False
H7C209,-0.011922060852251042,-0.010589021363894122,-0.029079645088096184,0.0036233231253804048,83.8,False
Q13275,0.011916630512099057,0.014391957174596088,6.28013768732475e-05,0.02402131463675413,97.39999999999999,True
A0A8I5QL06,0.011903324388688121,0.015546855495836289,0.0,0.02980827233280256,95.39999999999999,False
Q9C0I3,-0.011899242227798926,-0.010583638579165203,-0.041014701499336025,0.00648547185170467,75.8,False
Q13133,0.011807400311024984,0.012024241423311302,0.0,0.0236522224607793,95.39999999999999,False
I3L3Z3,-0.011689576892451948,-0.006627538696186951,-0.03157500776156589,0.01432326205984817,77.2,False
Q9BW62,0.011663304773022002,0.01030215222839746,-0.0010722228540782388,0.03130182591815503,78.2,False
B4DYP1,0.011658306851854606,0.012093741502471748,-0.000168011010404362,0.03258956985364641,83.0,False
A0A1C7CYX9,-0.01161600384574901,-0.01378814487923851,-0.029733780945281323,0.0,96.2,False
P51531,-0.011606700825960983,-0.011477723404225124,-0.023877519055081654,0.0,96.2,False
Q8N1G1,-0.011547305911499052,-0.012044936675461944,-0.03134245841177239,0.010213264661152004,91.2,False
Q8NG11,0.01151804820075679,0.011167835633711761,0.0,0.03291252192832469,75.0,False
A0A075B7B8,0.01151199424592985,0.01263294508694776,0.0,0.02344705765890313,93.8,False
A0A8I5KPV6,-0.011491870423418614,-0.010623809890608136,-0.03099551965210149,0.0,84.8,False
Q9BTC0,-0.011476839463098862,-0.009670994424213441,-0.025074514516252817,0.0029562441870164087,83.2,False
P33908,0.011436303953693588,0.012630318047634587,0.0,0.027443266181214444,92.4,False
S4R306,-0.011423358585004822,-0.009598852026222158,-0.03206788540441673,0.006329974530407401,76.6,False
E2QRF0,0.011405676908793688,0.011859931118798262,0.0,0.025591231668361584,90.2,False
B7ZC32,0.011313370286497032,0.012833035567030467,0.0,0.028367650293243434,85.39999999999999,False
P06213,0.011312377211413194,0.014053013530614278,0.0,0.03300358562671367,92.80000000000001,False
F5H386,-0.011285933900090722,-0.010479058715805996,-0.03418388730562878,0.005737586884356136,81.2,False
P53675,0.011232616076993954,0.010340469492906406,-0.006269559114353488,0.029256740792821218,79.0,False
O75410,0.011196294296920432,0.010994156289797762,0.0,0.02678853350994205,89.2,False
Q9UJX4,-0.011180074765242543,-0.013385246320603072,-0.028994005270492985,0.0,95.19999999999999,False
Q6UXA7,-0.011159830796444283,-0.012658670076908612,-0.022700997123966848,-0.0007002627433446297,98.2,True
E5RJT6,0.011116445013698016,0.012272253865883874,0.0,0.03029201534873796,86.6,False
H0YJ17,0.01109576268383241,0.007769797419932203,-0.010877548098278471,0.03163215495951325,80.60000000000001,False
A6NNF4,0.011095760916280345,0.00983948989672679,0.0,0.02371354316158404,91.2,False
Q9P2R3,0.011070885387283602,0.009051413545872772,-0.0011893419537690557,0.029032673434240264,69.39999999999999,False
P05089,-0.011050098209465361,-0.00868469405755488,-0.033098425080113916,0.004367536064355449,71.0,False
Q9Y6D9,0.011003189870753334,0.009304074074244561,-0.0015263215464052676,0.028862327696650696,79.0,False
K7EIX6,-0.010914461936221352,-0.012180246996667024,-0.03445987587329528,0.0014841427144952567,80.4,False
A0A0C4DFT3,-0.010856732247594567,-0.010678140646045055,-0.03252144079050886,0.006448184655256942,84.39999999999999,False
Q5VW22,0.010819886659949181,0.01007300203710308,-0.0001830770985082829,0.027815633508897684,82.6,False
Q8WUM4,-0.010784807563681973,-0.011603381428043907,-0.025226097718658046,0.0,94.8,False
P26358,0.01075093874157837,0.009490038041338293,-0.0033741776920408638,0.029441324205052136,77.60000000000001,False
Q6PF18,-0.010745978069857364,-0.010129024325448566,-0.026444712753679357,0.0006947467245407242,76.4,False
P23458,0.010736525396949565,0.011182340989405034,-0.008861204052952494,0.03886988691163862,80.60000000000001,False
A0A140T963,0.010678483195873417,0.01289317724090175,0.0,0.031145359626260624,86.0,False
Q96DT6,-0.01067060919941113,-0.013511957317560594,-0.02981817165472983,0.0,94.8,False
B5MDS5,-0.010647130692736095,-0.01309320736267315,-0.029146479369258793,0.0,95.19999999999999,False
Q96A65,-0.01063365714446018,-0.012816111451627652,-0.02563052788974243,0.0,93.0,False
E7EVW7,-0.01057870462893642,-0.008170643250473229,-0.028747611540051867,0.008740740727031493,80.0,False
P78325,-0.01057150446085328,-0.011036515974891989,-0.028291994921504252,0.002382052382587871,86.6,False
O14974,-0.010571424597382086,-0.011032035756301803,-0.02643372956347539,0.0,89.0,False
P08185,0.010563605494932233,0.006854246537305922,-0.01130497469638873,0.028753970406681425,74.4,False
P14923,0.010562057052348925,0.013100922422044605,0.0030207216139202277,0.021414792436603772,99.0,True
A0A0C4DH35,0.010548424797776195,0.008766103601702827,-0.006046385030110502,0.027747753490384334,82.8,False
A0A1B0GTV6,0.010535531209634203,0.01079929203461051,0.0,0.021876718939779702,91.8,False
Q68D10,-0.010498223651810464,-0.010502375772807698,-0.030403993655769127,0.002534016790078393,78.4,False
Q8TE59,0.010484433722697082,0.01083132562512986,0.0,0.028469191466650043,84.39999999999999,False
E5RFZ3,0.010458471205085838,0.010515869618031642,0.0,0.029887232248821553,81.6,False
Q92613,-0.010427601608151628,-0.011614890300099861,-0.025180695966632867,0.0,91.4,False
Q8N3C7,0.010409994224650825,0.010318645857103587,-0.004678474920733577,0.032080966972152035,80.80000000000001,False
D6R9P6,-0.010359672933503525,-0.012707528567497723,-0.027222963718635917,0.0,95.0,False
A0A669KA35,0.010349195501437465,0.008139799509026959,-0.004418554724945086,0.025274192761896925,81.6,False
P07357,-0.010338042530672496,-0.013638178736478988,-0.030212305615791513,0.0,93.0,False
P09104,-0.010325677195657062,-0.007310692781939379,-0.028514498616757224,0.010470872550405515,77.8,False
Q8TE56,0.010291372265708995,0.010389329790263977,0.0,0.02507443850668326,90.4,False
C9JF17,0.01026920562762959,0.006574901293070823,-0.004829473122793512,0.022876268245838004,79.60000000000001,False
Q14586,-0.010258171434627423,-0.013210100043831616,-0.025917829064704072,0.0,94.39999999999999,False
Q49AJ0,-0.010226600202824758,-0.008546948567122101,-0.03566068457958833,0.013626227645895253,82.39999999999999,False
A0A0X1KG74,-0.010207298813968715,-0.00875002047208123,-0.024985894579243433,0.004069609865878526,86.6,False
A0A7P0TAZ7,-0.010183568982420772,-0.00773297029955044,-0.02365716759305431,0.007804932075298384,81.6,False
M0R2Q7,-0.010179209003020278,-0.010468166688496839,-0.019329961006825876,0.0,91.8,False
Q8N3Y7,-0.010178542850242809,-0.007658661702409361,-0.028655987630707713,0.010450830382162298,77.4,False
H0Y9N9,0.010176509546949061,0.010413883550677332,-0.0033362092099037334,0.02873283033959827,79.60000000000001,False
A0A804HL40,-0.010166828321937499,-0.009614552252527523,-0.02201614875054319,0.0,90.60000000000001,False
A0A3B3ISP9,-0.010156202268262755,-0.010977610835224371,-0.024619659058629496,0.0,79.4,False
Q9H5N1,0.010141974430759749,0.010154094923710002,-0.0037666725831330215,0.031770098008036894,82.0,False
A0A0A0MRM2,-0.010112084561569942,-0.011732792151831093,-0.022077767931532648,-4.319695392139568e-05,97.39999999999999,True
P01743,0.010086698207648273,0.011243863038504725,0.0,0.02392268271421231,91.4,False
O75638,0.010039572520694656,0.011102176823256904,-0.008081827471515228,0.029771960761391207,88.2,False
A0A0A0MR11,0.010034287770976173,0.010631223726937918,-0.003672730346092592,0.030112864012236513,77.8,False
A0A075B6I0,0.009994567580922232,0.010122398336631512,-0.001171633792845797,0.029173957795360115,81.39999999999999,False
P07332,0.009977414436453478,0.010749956588026379,-0.0010762587281314298,0.03036247411252883,83.8,False
D3YTI2,-0.009972638744830354,-0.00875511830472793,-0.030065875940677278,0.007611927668671432,80.4,False
P23467,-0.009966593079612026,-0.009015892108191212,-0.031378069352733705,0.004942705569752425,76.2,False
Q8WWQ0,-0.009955312273727314,-0.010954708473258476,-0.02423457593226526,0.0,80.0,False
Q8NDX1,0.009940821129133472,0.010425729917908787,0.0,0.029831595380656054,81.2,False
C9J0V9,0.009937054508976152,0.013554337746395376,0.0012727219062547025,0.02116975682619863,98.4,True
Q13099,0.009863665013106288,0.004927095232661923,-0.016992730699943052,0.034611406078040606,77.60000000000001,False
Q05901,0.009829447271473817,0.011651754488953156,-0.00031655752525120416,0.031216395633329785,84.39999999999999,False
O95425,-0.00981028773629824,-0.012196871728952454,-0.02631987162770325,0.0,83.39999999999999,False
Q07108,0.009783228340235345,0.009119296077743958,-0.010337540107774011,0.03672256637589892,80.4,False
Q92620,-0.009772494220465397,-0.011402432994096262,-0.01962404437503154,0.0,97.0,False
E9PLM6,0.0097639582273003,0.009587692918022537,0.0,0.023990582919293534,91.2,False
I3L145,-0.00973038378555152,-0.008978206603666664,-0.022695125619745276,0.005556553783856662,79.4,False
A3KMH1,0.00971973848576723,0.00884897722444447,-0.006289827835784917,0.028326780898800433,71.39999999999999,False
Q3LI73,0.009710510246659749,0.01005250561169801,-0.0033790543789669384,0.03169645908950679,78.0,False
O75197,-0.009701348110628802,-0.01365938715141954,-0.03082211887371203,0.0,92.4,False
G3V394,-0.009699351190215361,-0.010759577616668146,-0.021139038162326894,0.0,96.39999999999999,False
A0A075B700,-0.009601568525664834,-0.006786970720725043,-0.027447006075468933,0.004020290057350437,74.2,False
O15357,0.009560203839355096,0.01351051293508136,0.001641205512043753,0.02637908199499045,98.8,True
Q9C0D5,0.009554195977472523,0.013990900405417601,0.0,0.023431395670196864,97.2,False
C9JD20,0.009553259355716373,0.009913783843830183,0.0,0.024854190796538975,81.6,False
Q5VVJ2,-0.009536014984593878,-0.010054882118174457,-0.017535700006364906,-0.0017008577625492651,98.8,True
C9J7L7,0.009522696524943404,0.007691220394036014,-0.0020395893661060574,0.029214445775512864,69.19999999999999,False
A0A8I5QKV4,-0.009507341458172527,-0.007124238783283292,-0.023565276736819664,0.007472280402238126,78.8,False
A0A494C1A0,-0.00946865835737574,-0.012158231165479129,-0.028684948995191042,0.0,87.4,False
P43627,-0.009455232644393427,-0.008783283374917855,-0.024439983803050236,0.0008859244074725632,82.19999999999999,False
O43293,0.00945131047613281,0.007106780401276418,-0.010042437402123888,0.027580212221357706,75.0,False
I3L1D5,-0.009445515975919744,-0.006932350376627241,-0.02534943524807448,0.010744962729962285,78.0,False
H7C0L5,-0.009422197447321048,-0.008983984237586014,-0.025919032291977916,0.0005985245254295171,82.39999999999999,False
A0A1W2PR94,0.009419729104595681,0.007429822381496841,-0.00680311966388325,0.026933011322148825,77.4,False
Q14687,-0.009410612584967707,-0.009640049437225904,-0.030321380838130133,0.00024009165773994555,76.6,False
P55899,-0.00940406785292399,-0.010409447338368561,-0.02043517121130728,0.0,84.39999999999999,False
Q5TG30,0.00939032979616219,0.011303391675969287,0.0024099023940770395,0.017293473112895558,99.2,True
Q6ZRF8,0.009389285174807182,0.010072398149493102,-0.0036516937800676772,0.029824656190868264,82.8,False
A0A669KBG8,-0.00937577163151675,-0.011774265497047225,-0.02669957916235556,0.0,92.0,False
A0A7I2V5T3,0.009356890282459479,0.011132820023852512,0.0,0.02634084685542776,86.8,False
F5H855,-0.009327071702407664,-0.009241444187730067,-0.032324742420467,0.009001800893079588,78.60000000000001,False
Q15746,0.009317119858808991,0.0062916579650519585,-0.009881425033820047,0.02661514532723486,76.2,False
Q6NT04,0.009274996324887973,0.008821088618275928,-0.001937936304357575,0.027624202363938845,78.2,False
P08133,-0.00925257539169379,-0.00978795469601643,-0.026097818620841574,0.0,85.6,False
H0YBF3,-0.009208306156455693,-0.007498491994380957,-0.025138391816726422,0.004257378231183559,71.2,False
P0C869,0.009194734509526485,0.009564241900087806,-0.004087433632926553,0.03581393926154213,77.8,False
Q9BZE4,0.00919275981470245,0.008326041289097327,-0.0037425861674169098,0.028821559625936244,72.39999999999999,False
C9IZX3,0.00917872464668728,0.01170605352847456,0.0,0.02917959292692375,88.8,False
Q7Z7A4,-0.009160121169777167,-0.011838041937009925,-0.032324883088946585,0.0014589019954567696,87.8,False
Q8IV77,0.009153894753514245,0.010671157289953501,0.0,0.032210042675660355,78.60000000000001,False
Q08380,-0.009140328433591813,-0.00913240389803969,-0.03140546837785024,0.008751433425706737,78.60000000000001,False
P19652,-0.009098507528616304,-0.009248437403435448,-0.018299575446008014,0.0,92.0,False
Q9C0B9,0.009078709463754019,0.009456584088958454,0.0,0.02373343018718799,87.8,False
F8VU39,-0.009074594791756143,-0.007216608562460792,-0.0276361156878171,0.010406419632200683,77.4,False
Q8IX94,0.009068319430116285,0.010237765835208168,-0.0032505978270693497,0.03318021777610659,75.4,False
A0A087WY29,0.009052688892520231,0.00836435774399053,-0.0008281374698096352,0.02797491530939869,70.19999999999999,False
Q8NFI4,0.009047850826414213,0.008819426688478627,-0.005778696113109493,0.0316493551545066,80.60000000000001,False
Q9P2K3,0.00904660342557849,0.00996776075310182,0.0,0.023739817270131254,91.2,False
A1A4S6,-0.009043300171654545,-0.01150755592203456,-0.029392339088926037,0.0,87.2,False
A0A7P0T9B2,0.009013291275049013,0.010853566905478094,0.0,0.03315431337329037,79.80000000000001,False
A0A2R8Y718,-0.008953728875882834,-0.00876683678705941,-0.02259870140629546,0.0,85.2,False
F8W8C9,0.008930025884583285,0.009861069416111255,0.0,0.023041932387837593,89.4,False
J3KN83,0.008883635738963133,0.011047129626015681,0.0,0.02278998841419602,96.8,False
A0A0C4DGQ9,-0.008876986428567948,-0.005215366015092798,-0.028548490640284307,0.015203931959972121,75.8,False
A0A286YEY1,0.008873414048777626,0.009013249629276581,-0.0038519676055663032,0.025056266428723308,77.2,False
A0A2R8Y4W2,0.008859556577999672,0.008539444505305634,0.0,0.029661881579143106,73.2,False
Q9Y305,-0.008859372885287074,-0.007866360626345693,-0.026701025039954307,0.005132712846474691,77.8,False
F8W6A4,-0.00881262491330375,-0.012216587783184414,-0.028129817659147523,0.0,90.60000000000001,False
P20851,0.008733213504936744,0.01047910593096312,0.0,0.026554422052468007,84.6,False
Q15276,0.008723675241573166,0.008905972793762321,-0.0004684532392778807,0.02874359867371076,75.4,False
Q9UHR6,0.008700616402557874,0.008880203659734185,0.0,0.02426488417123461,78.4,False
H7C5N9,-0.008699654942334592,-0.008985360425055655,-0.02150873916152173,0.0,83.6,False
P0C671,0.008653404432390833,0.008723876037036116,0.0,0.02489605709198579,81.2,False
A0A494C1N2,-0.008644596380740326,-0.009639655941116017,-0.032299531277236636,0.004701745699604496,84.6,False
P42336,-0.008609154203157299,-0.00844901311290493,-0.024458774325761743,0.0010560374262060816,80.60000000000001,False
P31260,-0.008585636948724582,-0.0084114227335523,-0.02835919029934034,0.006903784498364357,83.6,False
H0YL72,0.008559913823637938,0.010296556003456806,-0.0022651724806862215,0.02672722879739111,84.2,False
H0YDQ4,-0.008539258550984587,-0.008311381383727428,-0.02643734661622333,0.002412989633942089,79.80000000000001,False
O00267,-0.008536735558866405,-0.01019364606484008,-0.024921799956677693,0.0,85.6,False
O60645,0.008535120857859572,0.009603029346927036,0.0,0.025284935503164175,80.80000000000001,False
B4DEE7,0.00851542105217463,0.007776822509478981,-0.005723147277377158,0.02665734112158028,79.0,False
Q9NQW6,-0.00850778076310553,-0.00953344034783762,-0.026877882026141532,0.0006684452659616329,78.0,False
A0A075B6T4,-0.008495693163250587,-0.013315780616932636,-0.03106810095741596,0.0,92.80000000000001,False
Q13164,0.008475285799462301,0.010804400026606053,0.0,0.025542065819033007,87.4,False
Q16584,0.008433227411517726,0.008302379973481043,-0.0014915666445292468,0.026885678002994972,74.2,False
P00739,0.00841434910167092,0.007197375598591486,-0.011019942174802096,0.03254625399508409,78.4,False
E7EVX8,-0.00838015069213391,-0.010268902808769643,-0.018712706031262415,-3.3358322357718536e-05,97.39999999999999,True
F8VR31,0.008363989333445586,0.006927567201041662,-0.013436605636957035,0.03067997794891921,75.2,False
A0A0C4DH72,-0.008356100459220575,-0.006759347902777252,-0.03602966716913397,0.012171172179928982,76.4,False
Q9UNY4,0.008334489353379593,0.008709860364119304,0.0,0.02645135417356475,83.0,False
Q96MC2,-0.00832700308595984,-0.00825513036925435,-0.020316265532097623,0.0,87.0,False
Q15059,-0.008324213675528904,-0.010435199692081428,-0.03350584288972531,0.0037052139705919173,78.8,False
O14791,-0.008311036396477565,-0.007460996053422603,-0.02492983236391384,0.005744147675693431,79.4,False
F8W1A3,0.008273545759464663,0.010320047164740049,0.0,0.02070361874915012,95.39999999999999,False
A6PVN6,0.00824781481733465,0.008348894959374681,0.0,0.02518552927086896,84.6,False
F5H143,0.00824428833092488,0.009058524125535367,-0.0074657830212253775,0.03205876324573138,78.60000000000001,False
E5RK37,0.008244264549712247,0.009938035058063554,-0.0018111559795812577,0.03163544273878603,79.60000000000001,False
P07384,0.008227859801606736,0.013030679955895703,0.0,0.025729160702417743,94.8,False
B0QYL8,-0.008223233378333432,-0.0071532079076723105,-0.03360503684494582,0.013763801852467774,78.4,False
F8VSC4,0.008215634167341782,0.009101902111977214,0.0,0.02126342767549613,89.8,False
B5MCA1,-0.008164124353951481,-0.011298582396754906,-0.027345574998715132,0.0,86.2,False
A0A087WZ84,-0.008134861973153546,-0.007269396818129235,-0.025852558224497037,0.004088877213285206,74.6,False
O75151,0.008131530318353118,0.010822023400711527,0.0,0.02796289527735212,83.39999999999999,False
P35527,-0.008087262049975286,-0.00911675337357988,-0.02320033217240084,0.005981754110603193,86.0,False
E5RFF3,-0.008062441373442157,-0.00683227611053791,-0.029885810527985394,0.013801163428216476,81.8,False
F8WBA1,-0.00804358128988949,-0.007951645287392636,-0.027438990023732568,0.0020511250007853045,73.6,False
A0A2R8YCJ1,-0.008042185834205854,-0.008239890423443887,-0.02046097716639696,0.0,88.0,False
O95236,0.008021252947026216,0.007301326358314436,-0.004228546896367358,0.02672362431246139,74.8,False
Q5YKI7,0.007998030087164808,0.00964410188977443,-0.0022730762498373554,0.02765256165919468,79.2,False
A6ND93,-0.00792832527351198,-0.008641422213053066,-0.02707036787838826,0.006905274963173549,77.8,False
Q7Z2Y5,0.007927023727797343,0.01115324618450476,-0.0003978783938585653,0.029291698154666816,85.2,False
H0Y903,0.00791811240339409,0.009155255782562894,0.0,0.023199274522548316,89.2,False
B5MC51,-0.007865153962224614,-0.008624890778572853,-0.024837150941905223,0.0,74.8,False
H0YIB4,0.007856469656315252,0.01333587876308257,0.0,0.03853287822971232,87.6,False
A0A494BZW2,0.007847779861897684,0.007577514496700864,-0.007339823861940152,0.025260544419510863,79.80000000000001,False
A0A0A0MTH5,0.00782456806154186,0.007020075272747668,-0.00409342420542207,0.024629321635421718,71.8,False
C9JG63,-0.00781298827175933,-0.011263085332460098,-0.02656552245012224,0.0,89.8,False
C9JC48,0.007808810654772342,0.005620233544803668,-0.008741913675546381,0.0231719965075795,76.6,False
F8VUB4,0.007806177220331958,0.009531299907347886,0.0,0.02581944165388856,81.2,False
A0A7P0TA59,0.007804753096164099,0.008532544063059491,-0.004116595222749863,0.02378888886485232,82.6,False
A0A2R8YDE6,0.007782403140207026,0.008735130062758454,0.0,0.020791159172703674,88.2,False
J3QLV5,0.007774962604821819,0.009430847150654178,0.0,0.02099245394893769,87.4,False
B5MCC4,0.0077664398867576135,0.006964809258754803,-0.00891065561078992,0.027902794009402182,75.2,False
H0YBF7,0.00774377400654484,0.010621936484488061,0.0,0.02085357105774558,96.39999999999999,False
A0A1B0GVW8,0.007739789659842175,0.005342862159166757,-0.013316242340928123,0.028695289954350667,77.8,False
P49419,0.007735688153390976,0.011747625052196283,0.0,0.024783295352012773,90.4,False
G3XAM7,-0.007695382475778946,-0.008390684978132758,-0.026964379757854703,0.006563694000308129,80.2,False
O43747,-0.007694505319904317,-0.008899889152379119,-0.01846044870877285,0.0,94.8,False
Q5JXR6,0.0076767706524996935,0.012838012754380705,0.0,0.024680537085086395,96.39999999999999,False
P01624,0.0076540750106483015,0.007054524116571167,-0.008384843244859464,0.020973752977695267,77.8,False
P29374,0.007652264138073155,0.00942480646952577,0.0,0.02509084587398487,81.2,False
A0A6Q8PF30,0.007651626090096876,0.007716538740825331,0.0,0.024717659197900088,68.8,False
A0A494C043,-0.007613617090764087,-0.006777867859232129,-0.02588123349287292,0.004371890043489127,75.0,False
O00411,-0.007583197523192932,-0.010146656406271373,-0.020201625964293403,0.0,78.0,False
P08572,0.007578280089021025,0.01013109287317302,-0.0008962287923070603,0.027451826372197514,83.39999999999999,False
A0A1B0GU45,0.007574650989293981,0.008768694827792776,0.0,0.025723938363856457,79.80000000000001,False
O14948,0.007525428478411554,0.010020248659610329,0.0,0.02168918284883074,86.4,False
P19438,0.007507730606405483,0.011994006419122603,0.0,0.028426551055709116,90.0,False
Q8IV48,-0.007492876901450303,-0.011141864633991048,-0.022668907685639512,0.0,94.0,False
O94955,0.007488049726074825,0.008235252565723064,-0.004758136259845231,0.030892261238371386,74.6,False
M0R2W8,0.007462708349022378,0.010868334449497145,0.0,0.02681531465757244,90.4,False
Q9H875,0.007447393383383627,0.010846965397396529,0.0,0.022160720731279858,92.60000000000001,False
E7ET07,0.0074063439155632235,0.009279544350386448,0.0,0.02552948394416467,86.8,False
Q9Y458,0.007405737294120926,0.008077124430891152,-0.0011214435859708606,0.023799945352339043,73.2,False
A0A0J9YVU5,0.007370657930787824,0.006677020977275693,-0.008279360970435879,0.025686806227164714,82.0,False
Q6ZU80,-0.007321792574008001,-0.009306118798141288,-0.018435063561567634,0.0,83.39999999999999,False
P35219,0.0073006137123977554,0.0062115953429020525,-0.0210785589185094,0.030580141828148694,79.80000000000001,False
Q92667,-0.007284634043603483,-0.004650893727854256,-0.02905577829392024,0.013079545554371604,74.6,False
J3KSY2,0.007271095544450001,0.007173693499417214,-0.007488183511723951,0.0245415934532258,75.4,False
C9JUU5,0.0072662231145785485,0.012787215557902519,0.0,0.02533096959984829,94.19999999999999,False
H3BR99,-0.007258012892649372,-0.008468256222793716,-0.01931227550146497,0.0,88.8,False
Q92624,0.007254806555369906,0.003714367677519175,-0.013527505143546791,0.02257093407447696,73.0,False
K7EPM2,-0.007251302621184601,-0.007634401910106534,-0.02602983553641326,0.0012725372663116847,75.6,False
A0A7I2PJA1,-0.007233591133774519,-0.010832962627524785,-0.0196422290327621,0.0,94.19999999999999,False
Q9NRY4,-0.007194063540767103,-0.008338727481670303,-0.02442732195437211,0.0,84.0,False
Q86VS8,-0.0071927017410445306,-0.007665868939913034,-0.025292778766476138,0.007508930231841779,80.0,False
B1AK20,-0.007136342312629147,-0.005234447782012126,-0.023234578437987763,0.006626787744908667,71.6,False
B8ZZQ2,0.007131122542024151,0.011353466141918385,0.0,0.02706266180620834,88.8,False
A0A096LNH6,0.007108645747676549,0.009052986599961382,-0.002502108033762213,0.02438759664540106,81.8,False
Q6IQ55,0.007083514145493819,0.006423469721988997,-0.006742496487424984,0.025513316620201343,77.60000000000001,False
Q1ZZU3,-0.007017308782837294,-0.006689809076741559,-0.019835640630929546,0.0018835616803621114,79.0,False
A0A087X2I1,-0.007008773598199752,-0.006516202946476702,-0.023358990148418326,0.002673536465222317,76.0,False
Q12767,0.0069902183654781645,0.010472217062418514,0.0,0.018023914925904577,94.0,False
J3KQV8,-0.006971573501277254,-0.006749527781272017,-0.026920657674767562,0.008094789344542882,74.4,False
A0A075B743,0.006969144653092968,0.00871213342574714,-0.008321460184540767,0.029061923974733974,78.2,False
B3KR95,0.006938852055208442,0.0069650836640920465,-0.0014976997339463875,0.022514703268189912,74.0,False
E9PJV4,-0.006922163178026323,-0.007991388910209653,-0.01985524889109235,0.0,87.0,False
P23142,-0.0069209833945745175,-0.01089410272138161,-0.025432768772665926,0.0,89.2,False
A0A804HIM1,0.00691549115516712,0.009195171848236768,-0.0027243529504288825,0.02395602491455957,82.39999999999999,False
Q5T985,0.006892335343315449,0.004697630114274196,-0.01086184612358031,0.02491742889525901,73.6,False
Q9UP95,0.006885584651687078,0.008393708643844632,0.0,0.023177822872956222,75.6,False
Q9P0K7,-0.0068855831902651906,-0.007587980333751903,-0.020907343839966237,0.006234795498018779,76.4,False
A0A087WT78,0.006861187607128591,0.006551484349402711,-0.004806044128254909,0.022362573082473594,74.2,False
Q59FY4,0.006844732358170965,0.00628099883831247,-0.008375681803091846,0.028170930940376267,75.8,False
Q9Y2H0,0.006844116650882138,0.0069029080089987645,-0.010827080543023651,0.02344015838488181,86.6,False
A0A3B3ISH7,-0.006840394550639394,-0.008451032357649158,-0.025118694074830326,0.002762250245380068,70.6,False
A0A0J9YVY3,0.00682636446025499,0.00902879283935548,-0.0022840377509830054,0.02900957410734061,77.0,False
Q5SYB0,-0.006823318305385983,-0.010596301586654375,-0.02732355493226041,0.005058272004248263,88.4,False
K7EKZ1,0.006812958275823447,0.006700876057707796,-0.002349930992811118,0.025167329181376118,69.8,False
Q92903,-0.006786492452335786,-0.012058399534681264,-0.024416872911448142,0.0,92.80000000000001,False
Q6ZS11,-0.006783153360253816,-0.011962432050613016,-0.02347599919746855,0.0,95.39999999999999,False
F8VVY9,-0.006762165387261402,-0.006877268551946026,-0.026326109683186306,0.008751799724176924,75.8,False
A0A087WY24,0.006748222152445717,0.006711222722488211,-0.0007145885234128488,0.023315065784525475,72.0,False
O15392,-0.0067271809991135394,-0.012510178223824756,-0.029511378259296662,0.0,92.0,False
O94874,0.0067158867175772735,0.00963377780603173,0.0,0.022857487605240364,88.6,False
H0YDS0,0.006678229791051777,0.01011102668707602,0.0,0.028977867408798888,84.8,False
A0A494C1V2,-0.006603376152345696,-0.006312753769889032,-0.03420830566925006,0.016868331690308814,80.4,False
Q10570,-0.006592620452964425,-0.006741179191247235,-0.022238793091968214,0.0017125404978750587,73.2,False
Q69YN4,0.006518844922081039,0.00637239265044528,-0.006201128911564032,0.027443860090102377,70.6,False
E7ERS3,0.006487030656391957,0.010823834504606078,-0.004634867886864056,0.03611236462160027,80.60000000000001,False
P04350,0.00647246735565119,0.011107855576815073,0.0,0.02759426313762879,86.4,False
E7EPI0,0.00644860617078807,0.005136643299380649,-0.009102705423237292,0.024809023655292035,78.0,False
P01742,-0.00643479320411856,-0.006970832083514461,-0.026382702620849057,0.005127026219313144,76.4,False
H0YJV3,0.006372180879346269,0.0051489252878618675,-0.007666847134540181,0.018864402457686717,79.4,False
A0A8I5KXC6,0.006359490600712109,0.006587760681611799,-0.00861642890176337,0.027734639991985156,75.0,False
H0YF52,0.006314069777390449,0.007565118244602426,0.0,0.0182535877741539,80.80000000000001,False
Q9H0E9,0.006297610320384462,0.009494506926093566,0.0,0.02145900643751628,92.4,False
O75534,-0.006290510076272123,-0.009310185014491877,-0.023800284873572587,0.0001938483000884229,85.8,False
Q8NCI6,-0.006269696798393886,-0.004108926358764891,-0.0239147776746717,0.013552850679899869,67.2,False
A0A7I2V2F9,0.006240210254178202,0.007072996369907768,-0.0018415366555653374,0.023283478898327027,73.4,False
A0A0A0MSS3,0.006236346829185256,0.009505153181669895,0.0,0.022583582827743694,91.60000000000001,False
Q13461,-0.006235581056472685,-0.0101722587018726,-0.023887447644049865,0.0,88.4,False
A0A1W2PNZ3,-0.006220349737808643,-0.006316561855990547,-0.029885369441812006,0.01377871566524567,77.2,False
A0A590UK15,-0.006176083954048639,-0.005174335107033868,-0.025342738820602534,0.011920703060380943,72.8,False
P35713,-0.006175042420027291,-0.007917458471278012,-0.024327415507732684,0.0016169170184886627,80.0,False
A0A8I5KSM3,0.006173812969341553,0.006770695829038634,-0.004021367306735444,0.02700442708410844,74.2,False
Q9P2F5,0.00613206035370812,0.010451729323620243,0.0,0.022440935967825676,91.0,False
A0A2R8Y6J6,-0.006132036246292391,-0.005863055445440608,-0.0192445335041582,9.743130442541831e-05,77.4,False
O43896,0.006122440125461993,0.005358448369488524,-0.011613763632898115,0.026589729913745898,78.0,False
Q8IZF7,0.0061171224937801,0.009227795523684105,0.0,0.01952048291448066,93.60000000000001,False
H3BT71,0.006112277108794536,0.006895519573246901,0.0,0.0189218743524984,79.60000000000001,False
A0A8I5KW82,-0.006098347918264858,-0.008737943320787894,-0.02340030062902175,0.0024380723709980295,85.0,False
Q9P1Z9,-0.006097247402585134,-0.010662215303654198,-0.02502889016162141,0.0,89.0,False
H0Y325,-0.0060881517450363815,-0.004555798304206998,-0.02912955165667432,0.015656042816652425,82.6,False
Q5VZM2,-0.0060775934170796365,-0.0110392779692159,-0.0275285786510615,0.0022947799391295084,86.2,False
Q86W68,0.006074109388936214,0.01019733739983748,0.0,0.02795646868242259,84.39999999999999,False
A8MYJ1,-0.006074080308789854,-0.007310153415295584,-0.016148635569748066,0.0,89.8,False
A0A0A0MRG9,-0.006070701417838553,-0.009802703854700343,-0.018327784159780116,0.0,93.0,False
E9PLJ6,-0.006047986674829161,-0.007471351887784954,-0.018643035074972485,0.0,87.0,False
Q8TCY9,-0.006045482362125986,-0.009627014239969799,-0.02443793995097368,0.0,84.39999999999999,False
Q5K651,-0.006013187578284191,-0.006708499062147316,-0.019843948814684438,0.0,77.0,False
A0A804HKT9,0.005981317799086385,0.007450596159153458,0.0,0.022560486852755593,75.0,False
B7Z7Q6,-0.005960906582931355,-0.003923069318192367,-0.028611296695497074,0.017161612194762903,79.4,False
A0A3B3IRP9,0.0059593378489892854,0.008326765833646797,-0.005253726173896255,0.028664694719646236,80.60000000000001,False
P01871,0.0059585209187076925,0.0069646394291213096,-0.005738997662235671,0.024881674212155206,75.8,False
Q14126,0.005951579673244656,0.00549178861528757,-0.004819904526825388,0.024401996593977897,65.4,False
B1APY9,0.005950129310764952,0.007115043535020283,-0.005070439601893719,0.027294105662505064,74.2,False
Q9UL03,-0.005944828573773374,-0.009852725315185207,-0.022401593339388237,0.0,89.60000000000001,False
B4DHQ6,0.005924051877699958,0.0064995255134488285,-0.00838248254119805,0.02915059472101559,74.8,False
Q9BXR6,0.005922995764372925,0.008092505658564167,0.0,0.018688397244397068,95.19999999999999,False
H0YKX0,0.005897572797582076,0.009211810414164181,0.0,0.016797015426107117,96.39999999999999,False
E7EVC7,0.005889227547711341,0.008639074440507356,0.0,0.01681646566612073,97.0,False
A0A1W2PPJ3,0.005886383877460167,0.0014229933265470938,-0.019284590265502034,0.02128026539826211,85.2,False
Q9H2M9,-0.005883181547441765,-0.010387925947073532,-0.03703090208175167,0.00699441435006142,79.4,False
A0A0G2JMB2,0.005881491811662054,0.006711930848861404,0.0,0.01761065294895043,77.60000000000001,False
A0A2R8Y5U1,0.005858639271324007,0.0068121866464400695,0.0,0.020119683828625713,82.6,False
C9JQR6,0.005850748264360982,0.0053848080511860125,-0.0020454058203613,0.01832782688588989,73.4,False
O60306,-0.0058149081380443855,-0.007928596961018415,-0.022802079781646358,0.0,77.4,False
A0A087WWY0,-0.005809552825980659,-0.007944949038550662,-0.027160353540552847,0.001672305303484002,73.0,False
A0A804HIT0,-0.00579040938957275,-0.006884126537761598,-0.02178499200919296,0.002512257418803567,76.6,False
A0A7P0T8Y7,0.005775732222435558,0.006966112111858741,-0.0036811436245447905,0.02254869017553815,75.4,False
E7EW31,0.005775494370062666,0.005395680676299793,-0.011926163673891373,0.02648295670229303,82.19999999999999,False
A0A8I5KT00,-0.005766068425527101,-0.005853534744864839,-0.027623518061418148,0.010950198010150113,75.8,False
A0A7I2V2L4,-0.005759623482264614,-0.007363258680532036,-0.022077874151539036,0.0015498055547220823,76.4,False
B0YIW2,-0.005746038791138853,-0.009320849876536677,-0.03674272386031317,0.007586198931045655,79.4,False
A0A1W2PQV5,-0.005737896911518329,-0.005204102967234248,-0.024975124682007004,0.010361265817982093,67.2,False
Q96D15,-0.005728361299986268,-0.004880242088587125,-0.025176822650974432,0.008672170608970912,71.6,False
E9PP24,-0.0057271546892449735,-0.00668824423148752,-0.026224460544951495,0.006863855895546111,76.6,False
A0A8I5KWS6,0.005696983057133785,0.009165305038714048,0.0,0.025603216734034113,84.39999999999999,False
A0A0G2JHL1,0.005670847239578866,0.007485368450997592,0.0,0.01917655305818546,85.6,False
Q8NEV4,0.005650760970071737,0.004280039556392396,-0.00797957296346096,0.023129326976329363,71.39999999999999,False
A0A804HHR8,0.0056416985348228125,0.007822589683819417,0.0,0.016095704616896706,92.0,False
A0A087WXX8,-0.005640691455135552,-0.009292386710154565,-0.016108031639610804,0.0,96.2,False
H3BT35,-0.005606421978065545,-0.00770278292661477,-0.023328357844311424,0.0,76.0,False
Q7Z478,-0.005590557792442784,-0.004071126384066982,-0.01495075561821159,0.003225377674962949,69.39999999999999,False
A0A2R8YDH4,-0.00555263999171006,-0.0025648543007630326,-0.025229996183948188,0.017007033412422,69.8,False
H7C472,-0.005545810723644285,-0.010626217247867059,-0.03158720589796736,0.007051048559546704,82.6,False
Q9H0Q0,0.005509539778595765,0.007551461093418177,-0.003982432793210803,0.022819967152299322,72.39999999999999,False
Q9Y3S1,0.005508875648034863,0.007912740204640927,0.0,0.020225534611902605,87.0,False
Q659A1,-0.005505527652586844,-0.010136797712519888,-0.02325110183682661,0.0,90.8,False
E7ESY4,0.005495538891906246,0.009775904388786316,0.0,0.022952729878362395,88.8,False
A0A6Q8JFT6,0.005488598534917241,0.006667410367741633,-0.0031637416985798054,0.018630366142081942,78.8,False
O43866,0.005482631501743946,0.00679323495898704,-0.0036385920714508677,0.023481081554135762,75.0,False
Q9BYX2,0.0054634420757641985,0.004850109260494252,-0.009796212062170472,0.024987694991277815,74.4,False
Q7Z4L5,-0.00546108564423939,-0.005156001915900674,-0.02419157518296852,0.014512674690653794,80.0,False
H7BZ55,-0.005461027125168136,-0.004066706186841989,-0.026464135099568086,0.013181954667871778,67.60000000000001,False
Q8WXU2,0.005459102200338507,0.006158947357674235,-0.004102285020692199,0.021754088253861843,74.6,False
A0A7P0T968,0.005449679520452082,0.007259371794781208,-0.004581310973848847,0.026595093700844473,81.2,False
H3BUW0,0.005442714802211795,0.007195636885487384,0.0,0.016144653753573542,86.4,False
E9PLF8,-0.005441358220138309,-0.007928947578804649,-0.031071714358328603,0.012651024440924658,81.8,False
Q5TZA2,0.005404101724037551,0.006898610280832163,-0.0021221078358967427,0.021095292909642016,78.2,False
A0A7I2V2R3,-0.005397464662269603,-0.0065209715749552765,-0.02016740331923194,0.0,72.8,False
F8VXI9,-0.00539477448695992,-0.007596444050138174,-0.02790367118573535,0.005777802561468154,77.2,False
O60336,0.0053865785094867995,0.0061010602476353655,-0.0053614824220668275,0.021179486919710243,74.4,False
R4GRW0,0.005381705883459631,0.009841314431870377,0.0023556877899696366,0.015907778637416665,99.0,True
J3KSN3,0.005375366120109134,0.007940471146474967,0.0,0.017825268954586266,89.2,False
O95568,-0.005355507829211345,-0.00902278543474936,-0.01538468394930434,0.0,95.6,False
P02675,-0.005350240175587873,-0.008564257999663443,-0.01985241003527124,0.0,92.0,False
P01583,0.0053478130046663045,0.010286432216710746,0.0,0.022883234844262555,93.2,False
E9PQ61,0.005334263422043104,0.007550378626150924,0.0,0.018774610025775632,85.2,False
A0A024RA28,0.005301422245922114,0.009107080031401836,-0.00033689003831589295,0.02017010211735998,84.39999999999999,False
P69905,-0.0052849370886096795,-0.005282730372508753,-0.02252126689583517,0.010060690546388168,75.8,False
Q4G0X9,0.0052799478959626705,0.0068663604442124665,-0.003182297918328799,0.026043086311306984,69.6,False
K7ESM5,-0.005266854541206493,-0.006507065325444358,-0.01628074963739173,0.0,86.6,False
H0Y7R2,0.005251507336360775,0.00803069492453907,-0.00016209965568106017,0.01702905397070329,82.0,False
H3BV03,0.005250070745466919,0.005335932289574293,-0.008425208748443424,0.02400982002033408,74.6,False
A6NM62,0.005200778824046782,0.008770251485018749,0.0,0.023121010033509352,92.80000000000001,False
Q9Y6X9,0.005179589551689876,0.007793397456217716,-0.008002015378481326,0.022094704909611112,86.8,False
Q8TD43,0.005178672958086063,0.004293460864636273,-0.012061313618592369,0.02183842810362661,79.60000000000001,False
Q6IC98,-0.005171241081267465,-0.0036894935145915645,-0.02072520066544266,0.013169479721171731,71.39999999999999,False
G4Y816,-0.005158265829747313,-0.006302335636825074,-0.02431078937819388,0.0031698436265649495,70.8,False
P01593,-0.005148643584985905,-0.004213787940588634,-0.02060596504098929,0.00661019445156092,68.2,False
O42043,0.005139759212051167,0.004701408722175629,-0.0013073005459476336,0.013833576203074894,75.6,False
Q06203,-0.005138511573362498,-0.003989903960173538,-0.017336160697340144,0.005939184241786664,70.19999999999999,False
Q8NE09,0.005125796064361426,0.006975745880527403,-0.00335824222384376,0.021814503902786782,73.4,False
A0A0U1RRB9,-0.005118309118011455,-0.004130675588329014,-0.020748757935512684,0.007467494094246666,63.4,False
H3BP32,-0.005095407697276734,-0.007024897968043468,-0.025272624358837686,0.005773601243595911,74.2,False
O95235,0.005092628867868629,0.004356485943055156,-0.0070856942175134986,0.02403877798905867,64.2,False
A0A7I2V316,-0.005088563344523411,-0.01076533725780757,-0.02037889709900952,0.0,94.6,False
A0A0U1RR93,-0.005085430574265271,-0.009557637211346254,-0.03251560123570115,0.006666145130080614,82.39999999999999,False
Q8TBY8,-0.005080176419874494,-0.008865148638672807,-0.024633664528836564,0.002777941522793098,84.0,False
P02763,-0.005070806687351333,-0.007827860176710862,-0.018210571430927667,0.0,84.2,False
A0A087WT58,0.005070715592499939,0.008175759108510941,-0.0036094523022671848,0.02913722198654642,78.0,False
A0A087WT67,-0.0050689133808612405,-0.00250687139939445,-0.017495545568378776,0.0067517965648363305,64.0,False
F5H619,-0.0050613378342500475,-0.007306748868234614,-0.01667524396636624,0.0,87.8,False
O00410,0.005044126716121809,0.009531543021312094,-0.0017513343876176613,0.025971872021998185,84.39999999999999,False
B4DH23,0.005038655753011823,0.003127679684026344,-0.011417428046768588,0.022208664124870707,68.8,False
Q99543,-0.0049913545110626435,-0.01016905158876387,-0.025934712571361145,0.0,83.6,False
C9JLV4,0.0049864276290791385,0.009263542404279648,0.0,0.021732155761440334,89.60000000000001,False
P62736,0.004960057510500911,0.010909480907264818,0.0,0.022708578065134197,94.19999999999999,False
Q03468,0.004937512672718321,0.005267996114869578,-0.010212211581555374,0.02684547872329287,72.2,False
Q9P2P5,0.0049337373351322315,0.004829180327782358,-0.002999212552091905,0.02219627811577843,69.0,False
Q9UPQ3,-0.004931785619458573,-0.007173017919466751,-0.024418922979125027,0.0020415995222392426,76.6,False
P04433,0.004930472354847143,0.006372103102273009,-0.002754677484470612,0.02378133950793835,68.8,False
P05546,-0.004924057384174855,-0.007386947657806872,-0.017022963147465733,0.0,89.60000000000001,False
Q8TCA0,-0.004919351680884483,-0.00216654285438882,-0.0209124089410734,0.012256741527598545,67.2,False
Q92994,-0.004914853517857291,-0.0063697833134557045,-0.020422825695561687,0.0004504449970543412,69.8,False
A0A2R8Y438,-0.004906717270770029,-0.008274092123153417,-0.028650260675786774,0.0060806856463658954,82.19999999999999,False
Q96GS4,-0.004905709495742501,-0.005391432795118183,-0.026852684286569384,0.005346972044067022,68.60000000000001,False
Q13625,-0.004902745529620143,-0.004660167722320906,-0.015329638341163613,0.0022103896723945325,68.8,False
Q5U651,0.004900510794877091,0.005292680172033052,-0.000262643465413938,0.017804494076019424,72.8,False
A0A1B0GVY1,0.004899368119898244,0.006222680909463229,0.0,0.01732969745826284,70.0,False
A0A0A0MSX9,-0.004894343705175824,-0.003979628175937552,-0.018440037910817907,0.0035774062130530357,64.0,False
Q96PU4,-0.004890698700056063,-0.005841322476392251,-0.027957796252293034,0.01164292169678833,73.6,False
H0YAT7,0.004888232203294708,0.009474223104002968,0.0,0.02497242239555145,88.8,False
Q14C87,0.004880041587976042,0.008392690642218118,0.0,0.02292769043780012,82.39999999999999,False
Q9Y2V7,0.004852952794964293,0.0044186573985789835,-0.003741685466402033,0.0187817265497019,65.0,False
Q08345,0.0048289098013985865,0.0035230265244237955,-0.0047507345816067865,0.014162418554438243,67.60000000000001,False
A0A6Q8PGM3,0.004823953705150298,0.007439987856681115,-0.0033523171650936363,0.023486506745817887,74.2,False
A0A7P0T9C8,-0.004814402087773229,-0.0066329663262254986,-0.01832657118182922,0.0,80.4,False
Q96QF0,-0.004800455376683132,-0.00761848818653951,-0.020915772248567364,0.0012506339210908433,82.19999999999999,False
A0A494C0H8,-0.004786762554697245,-0.005616781901800534,-0.0272231702620768,0.006969477972448129,75.0,False
E9PPF2,-0.004786679405502476,-0.006241753373774964,-0.022905914484100908,0.005011823857496226,73.6,False
Q12851,-0.004770805606779471,-0.002978602315618497,-0.020986063153726763,0.013265478363259814,72.39999999999999,False
Q9HAW7,0.004766143514521186,0.007622666531508294,0.0,0.015872829845521342,94.39999999999999,False
D3YTG3,0.004758608450635769,0.004332653505813101,-0.00640377391415099,0.01630654453950634,68.60000000000001,False
A0A087WT80,-0.004756618342950809,-0.0031278487783188416,-0.021214748611316447,0.0068669346812633685,58.4,False
A0A494C1K0,0.004750530304930194,0.008833147222482424,0.00026603732378243327,0.013976345766640575,97.6,True
Q9Y278,0.004747431864639432,0.005807556258896372,-0.0034116904318909117,0.02367396843910355,69.0,False
B1AKV6,-0.004746124042871107,-0.007027018774565217,-0.015254261518704603,0.0,89.2,False
X6R8W7,0.004740953300534336,0.003359956255638323,-0.008513925126359763,0.021678374149293522,64.60000000000001,False
A0A2R8Y840,-0.004714087568643836,-0.008651619319609017,-0.017759364393184603,0.0,93.2,False
A0A0C4DGR7,0.004704718060202206,0.0050378260354491744,-0.012831321489615417,0.025618787422065376,77.4,False
O76031,0.004703700680894368,0.00449030992411953,-0.024148722465500802,0.034939690935638056,78.60000000000001,False
Q53GS7,0.00469798570627693,0.005264728920421584,-0.0054858378728369316,0.019301056020715114,74.0,False
Q6P499,-0.004686929574632891,-0.008874343095986852,-0.01574629631161614,0.0,95.39999999999999,False
K7EIK6,-0.004679864324906701,-0.006591628066317908,-0.019446293292692877,0.0,75.2,False
Q5VXH4,-0.004673284146566265,-0.0069791585585918465,-0.02837347940029571,0.005132558980063072,72.2,False
A0A7I2V4W4,-0.00466738932002049,-0.006574819342665928,-0.023719086398354818,0.005686879369686825,76.2,False
H3BLZ3,-0.004666823496120554,-0.008013832814944992,-0.025900596146666437,0.0016136020426723652,79.4,False
J3KQG3,-0.004626190028123366,-0.005817040418422192,-0.021459083035047597,0.0007741201023167449,66.2,False
Q8WUF5,0.0046042856541595924,0.00044271869292926755,-0.025653897025260507,0.025860559845952227,76.6,False
P07996,-0.0045882787288531925,-0.004335411875673435,-0.012935761400988939,0.003470564537623911,71.39999999999999,False
Q9P2D6,0.004549538880216331,0.007220746929583655,0.0,0.018839637812403963,80.60000000000001,False
Q9ULH7,0.004540930747314797,0.003734625977978711,-0.005318346406939438,0.017227856662211678,65.0,False
Q0VDD7,0.004527629148256565,0.0074009961888548146,0.0,0.0221957179052086,84.6,False
Q9Y4P1,0.004476483079886097,0.011230278561872935,0.0,0.022982145714393606,94.0,False
P01023,-0.004464820922161915,-0.009782827595989476,-0.019448920919812308,0.0,94.19999999999999,False
A4D0S4,0.00443383416939677,0.003492596549276283,-0.011872994558344981,0.022416518126529103,69.39999999999999,False
Q14188,0.004407705242208772,0.0064972881482851805,-0.006916453062378598,0.02161862507194735,81.0,False
Q8IZX4,0.004402549158371853,0.003803575724646603,-0.008744840802625229,0.01895164728083083,69.0,False
K7EJB9,-0.004394803502945846,-0.0027127758302495485,-0.020982441776432884,0.012503384112454427,70.19999999999999,False
Q68CZ2,-0.004386779798787752,-0.009374202416967048,-0.025872293303575506,0.0,82.19999999999999,False
O14544,0.004383871882068422,0.007366299236068502,0.0,0.016074268534922432,91.2,False
B5MC47,-0.004380960291001085,-0.007224661127644913,-0.021434782591934817,8.319032448088495e-06,80.60000000000001,False
P02750,0.0043799576955352755,0.0069490260468700795,-0.008730451938829271,0.030204055295100597,73.4,False
P51826,-0.004377468799896636,-0.003919172104574102,-0.03397346621346396,0.01755111378311457,74.0,False
A0A0G2JNB1,-0.0043642862667943585,-0.006725452502274804,-0.028869923744556367,0.007910289407391392,75.6,False
Q96MW7,-0.0043586043042805915,-0.005786895604566158,-0.017457658943928884,0.0009736189234571127,77.4,False
Q9ULV0,0.004341134220923934,0.00215038483016627,-0.009782616139731514,0.016910509868521623,63.800000000000004,False
Q9BX63,-0.0043341890807895396,-0.004504213901443574,-0.024828314220582126,0.014402244419593752,71.2,False
A0A087WTQ9,-0.004295452136695961,-0.002113973211778798,-0.019269397484014853,0.013107344632708245,66.0,False
Q86TB3,0.004281120983853094,0.0035144812641198083,-0.013410984408928637,0.0215194607666406,74.2,False
E7EVM0,-0.0042469150720807125,-0.0067288347650316955,-0.01665437722974022,0.0,86.4,False
Q53H12,0.004245233855375026,0.00325582690200066,-0.007581193959262815,0.015047432709117865,65.8,False
Q9H6S0,0.0042167217002862575,0.007025104084524138,-0.0048842648041874485,0.02483838033453963,75.6,False
Q16676,-0.004209092902164022,-0.004913772565642408,-0.023543551364232636,0.011908632300424833,73.4,False
Q08AN1,-0.0042079594089445525,-0.001982081139918014,-0.015775766591259448,0.009838203543402459,63.800000000000004,False
A0A1B0GTC3,-0.004197553650055604,-0.006662191549712867,-0.016068606848332126,0.0,85.8,False
A8K0R7,0.004195587680487911,0.006682126906572597,-0.006624065996566164,0.021250610368777706,77.4,False
Q53HL2,-0.004187262622419831,-0.0067730883586552965,-0.015414409319141691,0.0,87.0,False
Q96QE3,0.004180499791691891,0.007211134512612781,-0.009755253054559751,0.028499183155721867,72.8,False
Q9P1Z3,-0.004171992449800614,-0.007336981087748811,-0.013485911225669563,0.0,95.39999999999999,False
P02787,-0.004160478707367078,-0.006977053026114787,-0.015562700719459244,0.0,83.0,False
Q9ULD4,0.004157848089041262,0.006763938381347725,-0.0012291779490869591,0.018976253169651368,79.80000000000001,False
E7EV07,0.00415545208751464,0.0017237689171633464,-0.011933455070204513,0.018360988811071715,63.4,False
O14646,-0.004152165351538264,-0.004643843141752869,-0.019900019570423474,0.00348739077135504,66.4,False
A0A7P0TAQ3,-0.004151614015413703,-0.006320947146380853,-0.017842736334088883,0.0,79.60000000000001,False
O75582,-0.00411387761970033,-0.004071784391249903,-0.014195014532353107,0.004457137691765367,71.39999999999999,False
O94885,0.004111983410990892,0.009774627218200424,0.0,0.017990852632152138,94.6,False
Q58F21,-0.004107394240515311,-0.007118024589665773,-0.022652555460261032,9.199842754766438e-05,78.0,False
A0A494C0R8,-0.004098908172271892,-0.006738020315197532,-0.013103608832628401,0.0,90.0,False
G3V434,-0.004073591495536267,-0.004493257077802769,-0.016334116416692857,0.0017521919084922159,67.0,False
P04217,-0.004069556919476843,-0.008339664621844187,-0.013316299731666672,-0.0009075727252343663,98.6,True
E7EQI7,0.004046100087845148,0.007497962900363998,-0.006038149560974935,0.029063174178972626,74.6,False
O94973,-0.00403224222947532,-0.006145544924724973,-0.02170377608813025,0.004719003528061238,71.0,False
O94788,-0.00399180034687714,-0.007549815594114389,-0.025150822895873563,0.0015024983107770806,74.4,False
E9PHW9,0.003975317961202005,0.005343509536432042,0.0,0.017234216268719776,78.8,False
A0A804HLI4,-0.0039652500480294285,-0.006522774033583512,-0.015569081735009677,0.0,87.8,False
C9JQA6,0.003949812239046938,0.0063178820685794975,-0.004156726839458777,0.02487378672006605,72.6,False
A6PVK7,-0.003924065035786036,-0.006990875492127538,-0.015478250160129657,0.0,88.6,False
A0A8I5QJW8,0.003923977816940849,0.002954601643413339,-0.00819477220776036,0.013705696368461867,73.6,False
A0A5K1VW28,0.003907129924293657,0.005291959154752596,-0.007704279279445383,0.022049004233431896,72.39999999999999,False
P10645,-0.0038912592653291447,-0.0023457489715796405,-0.019417962159659612,0.01151831092605677,64.60000000000001,False
E5RHS1,-0.003868269533054263,-0.010049575038519583,-0.027891180682091753,0.0,81.39999999999999,False
E5RJ17,0.0038425214575435263,0.004605040602176435,-0.001286497257380171,0.014907346631107295,69.39999999999999,False
A0A087X0M4,0.003834814081318859,0.007359024789656032,-0.0005946452958962749,0.022438410098547322,77.0,False
H7C587,0.003821415241426868,0.004463589454387881,-0.005925072155167019,0.02276521409821093,64.4,False
Q99666,0.0038008799175795857,0.009287186913037834,0.0,0.019079185561045885,95.19999999999999,False
F8WBN2,0.0037791706245672496,0.004214442968432853,-0.012891380539169927,0.02598656286632844,73.2,False
P07358,0.003765877282245851,0.007819994223691312,0.0,0.020280231662099243,86.8,False
Q14008,0.003757163078738881,0.006184388458124553,-0.013210032029931273,0.029590978519904148,81.2,False
A0A286YF50,-0.0037552140651232447,-0.006139063958080102,-0.018473750007895483,0.0,76.4,False
Q7Z794,-0.0037503068327571724,-0.005821889842311311,-0.02186540472296841,0.011877522254093777,85.2,False
Q9NWW7,-0.003743373306213903,-0.0020180175410294114,-0.021702998922651845,0.011237556538134741,69.19999999999999,False
K7EMK2,0.003743123691501319,0.001315573172552202,-0.00879478044769108,0.011138406848366226,61.199999999999996,False
H0Y5H5,-0.0037361857721429385,-0.005150571370997401,-0.02092824327592994,0.01216685389259517,81.8,False
Q8TF46,0.003730587224517604,0.006361557623037615,0.0,0.016783817067892847,87.4,False
Q7Z4N8,-0.0037279111836156418,-0.003904540298439414,-0.02368325114237525,0.01519371404921387,75.2,False
Q5SW79,-0.003707450837197095,-0.0073566340665665005,-0.016135574963583983,0.0,91.60000000000001,False
Q6PCT2,-0.003705370694590777,-0.005256699556044651,-0.017761928495799197,0.0005451528878996126,72.0,False
P46940,0.003697212101894601,0.007881351114412386,-0.005424973736168592,0.025953408982538808,79.2,False
C9K029,-0.0036892026188688224,-0.007213669099765693,-0.02188103608223617,0.0,80.2,False
H7C200,0.003681769016168439,0.005754704639126286,-0.012268896920468501,0.024506636593233877,84.8,False
A0A8I5KQV3,-0.0036765989743023472,-0.002001192019906978,-0.018755553947295545,0.012112348642520122,73.2,False
Q6P3W2,-0.0036667361356876576,-0.005637264683355522,-0.014769363448994613,0.0,83.2,False
C9JHG2,0.0036647151465431503,0.006842479534219555,0.0,0.021825766795720524,80.2,False
E9PNZ4,0.0036622250811680812,0.005964736897044942,0.0,0.01838106487877871,77.60000000000001,False
A0A8I5KWA2,-0.0036613955336718684,-0.007239159164439135,-0.017988894368152503,0.0,80.4,False
Q5VW36,-0.0036531452921595973,-0.009204497226885438,-0.022695001675142375,0.0,85.0,False
Q7Z7L1,0.0036528142437543976,0.00950436268031158,0.0,0.019793181037316004,94.6,False
H7C5C2,0.0036337047094635844,0.0029099949691516066,-0.005297659119065222,0.012750544773021552,59.0,False
A0A0G2JNH5,0.0036303114053765333,0.004953130529396127,-0.005251072451400424,0.020393746437414043,74.4,False
H7C269,0.003628235876520174,0.0018558378487199413,-0.016386305344935834,0.019845592975100752,66.2,False
Q86US8,0.0036228625654043623,0.008099488369179958,0.0,0.020252779964253984,80.60000000000001,False
Q9UKL0,-0.003610373566764893,-0.007598729969828671,-0.02558100350486776,0.003976418988846962,68.60000000000001,False
F8WCC6,0.0036078523600514664,0.0054628274515630595,-0.013139679300497495,0.02544999834760046,71.2,False
Q6VMQ6,-0.003601466703818847,-0.007660028398730403,-0.014446189914744105,0.0,79.0,False
E9PCP1,0.0035976761253762018,0.006970126792444886,0.0,0.013804946027400618,94.19999999999999,False
Q8IVF5,-0.003594772731439035,-0.006255287379587546,-0.015710603779569964,0.0,79.80000000000001,False
B4DHQ7,-0.0035574886631297613,-0.009488693097123631,-0.02218878712087824,0.0,90.8,False
K7EQH7,-0.003545618434376035,-0.006798365232331286,-0.014595435147165924,0.0,85.6,False
Q5YLB2,0.0035452832478795955,0.007153939903562265,-0.00040680097782389317,0.0200300608762257,80.80000000000001,False
A0A3B3ITK0,-0.003518032607246259,-0.007560770451714593,-0.014868601227528373,0.0,90.0,False
A0A7I2V409,0.0035137750081433534,0.003613573373427436,-0.003196678050581281,0.01562691196764828,65.4,False
H7BZI1,-0.003510006379121702,-0.006872976864337433,-0.018046022478769803,0.0,82.8,False
A0A087WYG2,0.0035098754675536095,0.007523526560079354,-0.013499999345957914,0.029310156405601855,78.8,False
M0R1U0,-0.0034964305469786044,-0.0025472014192317828,-0.01318450314533697,0.005292309979462908,55.800000000000004,False
Q86YW9,0.0034806422043755876,0.0077663749173060605,0.0,0.02018994124328768,85.8,False
H3BQW9,0.003476899331697176,0.0031748548315227035,-0.011203922447646465,0.02035175451590578,77.0,False
H3BT52,0.003475194310984799,0.0031912173966864186,-0.01487489606290852,0.019719630980286583,77.60000000000001,False
P01701,-0.0034635675314916717,-0.003722720832250278,-0.020175338474455483,0.013534708429168065,70.6,False
P13010,-0.003458760700913029,-0.006921960906825624,-0.015137685155285541,0.0,87.0,False
Q5JQC9,-0.0034553212945175934,-0.008242287280062634,-0.023386009593882793,0.005431939906590419,81.6,False
Q96N64,0.003436362342350564,0.004905470908709061,-0.0014734233118959543,0.015995193171080967,75.4,False
Q86UP2,0.003410123574845433,0.00028443374618326265,-0.010926825792888931,0.011606273227827951,68.4,False
A0A286YEY4,0.0034041791577340084,0.0010467629187761638,-0.01233228844812123,0.014608877640265527,61.199999999999996,False
F8WCZ6,0.0033973720365314797,0.00825444884976225,-0.0005133438356620877,0.02641707381199474,76.4,False
Q15393,-0.003396828269177468,-0.005811677085817127,-0.020085647350029396,0.0069025163084514155,79.4,False
O14757,-0.0033959767915170214,-0.00388947672752769,-0.02372619734610187,0.012594484193633751,71.0,False
A0A7P0TAK3,0.003394469150691851,0.008975387922066298,0.0,0.019993046711510587,90.60000000000001,False
F8W9S8,0.0033854679475560875,0.008567804607086683,0.0,0.024299066031318463,84.6,False
Q13796,0.0033853880375968497,0.002487884332929276,-0.002138477752289983,0.010151122230680808,64.60000000000001,False
M0R116,0.003377440017741818,0.003503040588585278,-0.009567337854530325,0.02079202192922079,79.80000000000001,False
M0QXW4,0.003374988383074137,0.002585568200073058,-0.007495380534893899,0.015979910952330492,61.8,False
H0YMD1,-0.0033497059663450835,-0.00604296375776198,-0.017571461267771937,0.0,76.4,False
M0QZU3,-0.0033480976318293254,-0.004143647278988314,-0.014919269665366788,0.0014170493119875138,65.0,False
B1AKL4,0.0033408234468487582,0.006840783699118206,0.0,0.012761094347306554,93.60000000000001,False
Q8IX95,0.0033319507771197286,0.004718593174121426,-0.006588913849391516,0.021445640570809946,67.0,False
D6RGI5,-0.0033281124000802396,-0.007254341365471737,-0.027958770837319104,0.007433378178282242,75.8,False
I3L303,-0.003316307405142295,-0.00690898001472868,-0.014654090555627256,0.0,86.2,False
A0A0J9YWX2,0.0033099186821729425,0.006147546269272271,0.0,0.019874198606722057,72.6,False
H3BTQ6,0.003296138024990421,0.00881873414556105,0.0,0.023304816762455695,85.0,False
O75096,0.0032921924774521848,0.0026793178023936746,-0.009329290088725609,0.017560380549404,65.0,False
Q9Y597,0.0032773676076439814,0.005235304743202802,-0.007629339693277,0.021516552567355372,70.39999999999999,False
A0A1W2PRC7,-0.0032637357887750824,-0.005632020030077905,-0.01572693217782592,0.0,83.6,False
Q53SF7,0.003258442885798436,0.00484388516113356,0.0,0.016012586429860066,72.8,False
P05156,-0.0032415809667008014,-0.006552084272142608,-0.012490869628615005,0.0,93.0,False
Q9HAW4,0.003226809632368049,0.0063326407688791666,0.0,0.01969667346708202,68.0,False
Q9Y2H1,0.003221308325074562,0.0038970485822607545,-0.012036279557399155,0.024917012338681457,72.39999999999999,False
F8VVB8,0.0032165779881290174,0.0037383627846383364,-0.005817369656437007,0.016886668112936543,66.4,False
D6RAX7,0.003207344657284474,0.0027747154970287936,-0.00779942938210162,0.015602188321791348,64.60000000000001,False
A0A8I5QJI3,-0.003201035547309216,-0.0032527077280046753,-0.014874493069250191,0.00445715006979063,68.2,False
A0A7P0TAP4,-0.003195036378909145,-0.005395632982827405,-0.015630527265754215,0.0,78.4,False
P51508,-0.0031922749674715817,0.0004815147778514357,-0.018243297734174962,0.01799152658840293,65.8,False
O75683,0.0031696358134763237,0.00868417315964321,0.0,0.027447401080104177,80.0,False
A0A6I8PRN4,-0.0031691989311761425,-0.0011326557581346102,-0.016226686460186896,0.012795289429941544,76.0,False
Q96PB1,-0.0031630451028159855,-0.006215687839101231,-0.019871501653121584,0.0,76.2,False
C9IZQ3,-0.0031402340527770366,-0.003097800904945057,-0.023396445898040564,0.012863049725874272,75.4,False
P01024,-0.0031383991082903815,-0.0074761014167885565,-0.014570697837805601,0.0,93.4,False
P23141,-0.0031338555605264352,-0.0064080913896005145,-0.014690304471673117,0.0,87.0,False
J3KPY5,-0.003130713967190644,-0.0009639605722586089,-0.012420517249492937,0.011145400828341574,68.0,False
P53004,-0.003123065444958219,-0.005701508897955993,-0.017811954669014488,0.0036206552876538334,77.0,False
E9PPW6,-0.0030784362497987775,-0.009534071206295467,-0.024564603261847794,0.0,85.0,False
A0A0C4DH67,-0.003074875566816134,-0.006979209865912165,-0.017271406951290817,0.0,85.6,False
Q8TCW7,-0.0030743798216279978,-0.0020637664412537027,-0.018439907064521734,0.017030952066236206,72.39999999999999,False
A0A6Q8PHD2,0.0030725034905218825,0.005484873076338747,-0.006600312483459854,0.022787318383354703,67.60000000000001,False
Q6MZT1,0.0030588263319004895,0.002782311901075141,-0.008356128160504787,0.018982785094399678,61.0,False
D6RB75,-0.003058720816070585,-0.008650802632713393,-0.02138578262475576,0.0,82.8,False
Q9Y4G2,-0.003049383754521359,-0.0014691515839339532,-0.014814407624273442,0.010859717654623473,76.4,False
A0A7P0TB69,0.003046514387356585,0.008335445027160004,-0.009441784922134358,0.03029355972765347,79.60000000000001,False
A0A494C047,-0.0030242473149562953,-0.007346647014774422,-0.022447247531811744,1.9845060146503504e-05,77.2,False
A0A7P0TBB6,-0.0030209108415378584,-0.00678967685694458,-0.014159952074959924,0.0,94.0,False
A0A8I5KXJ3,-0.0030093992115850085,-0.002016431248325628,-0.020018244617842174,0.01025426717608923,67.80000000000001,False
H7C2R4,-0.0030017759321415054,-0.001992595863912008,-0.01461687892043282,0.008536226221638759,63.4,False
Q96JM4,-0.0029997647909884837,-0.0056530123592849965,-0.025144296377368265,0.010173482243303467,77.2,False
Q9BY66,0.0029824673782660347,0.003993621676025622,-0.008932969413822848,0.021599049461735017,68.8,False
Q9Y5G3,-0.002978581330825861,-0.007260205016500664,-0.013191547714511427,0.0,94.19999999999999,False
O60733,0.002943144714395661,0.0065106650525341625,0.0,0.01705837184917052,78.2,False
O43439,0.002928378237529573,0.005573287892403288,0.0,0.015248386190165312,74.2,False
P36383,0.0029274165494589323,0.0021766932874016298,-0.014629559281364477,0.023028674955681182,69.39999999999999,False
Q96BT7,0.0029234305768716124,0.005505321496232357,-0.005196875258792681,0.021771673074601,65.60000000000001,False
A8MUN2,0.0029225321514726177,0.00492329321041076,-0.0027162864132351024,0.01925711632813228,69.8,False
A0A087WXL6,-0.002916022470889312,-0.006130013109948391,-0.016902235951689482,0.0023588602037489547,80.80000000000001,False
F8W7M8,-0.0029138053076380923,-0.0055361891009919765,-0.015358492694796892,0.0,79.2,False
P11940,0.002909432120472882,0.0013451853381371169,-0.009828455970428439,0.01421443652573435,54.6,False
O15228,-0.002909299034484271,-0.005346764775157206,-0.013214560729921321,0.0,85.8,False
F8VNT6,0.002902827488623474,0.006992454783849442,0.0,0.01389776444403756,90.8,False
A0A2R8Y7X9,-0.002881504206119222,-0.00729509680907067,-0.019629696297988525,0.0,87.8,False
Q9P2I0,0.002877996440712857,0.0055537089583191914,0.0,0.015418213427998536,79.60000000000001,False
Q3KRB8,0.002877227793382118,0.0011329080204825976,-0.013088278493850058,0.018124825436948714,61.199999999999996,False
K7EIW8,0.0028740047540137927,0.0047263476493809515,-0.0007115227692688373,0.019741734008453478,66.60000000000001,False
Q96R06,0.0028651341057169145,0.0023206502524563827,-0.009494118489546505,0.019765395336337213,65.60000000000001,False
P27169,0.002859832715707698,0.00027621730829265176,-0.017788517868601937,0.014866671413504215,69.8,False
A0A1B0GV47,-0.0028554665689911295,-0.0063591681725896874,-0.025372528174642032,0.011205213465114338,70.6,False
Q96NH3,0.0028553262967822204,0.0018536480498580691,-0.006355192984135414,0.012411370563803358,73.8,False
Q5JZH3,-0.0028540940985742496,-0.0038859275216013905,-0.014408978052926577,0.0027663743461914672,73.2,False
P01706,0.0028513899958984837,0.004195970341761053,-0.006077722761853184,0.018837538931250637,74.2,False
V9GYM3,-0.002843291596353115,-0.006934957302672064,-0.016330081961144834,0.0015619444978299674,85.39999999999999,False
Q14692,0.0028330213274352614,0.005928436917426475,0.0,0.017423587393992118,75.8,False
P01780,-0.0028267997857131864,-0.004929048419804644,-0.016582923524825682,0.0011422493856389987,75.2,False
H0YAC9,-0.002821652419115974,-0.004966251888361733,-0.01873966359309795,0.001852708349401431,68.60000000000001,False
A0A7I2V416,0.002818774349135812,0.005302217347359274,-0.008556593672731008,0.024720309228408066,83.8,False
A0A7I2V670,0.002812728665812279,0.0033133316966015183,-0.004946889214919687,0.018014827143697773,57.599999999999994,False
M0QYY8,-0.002809336865811584,-0.005902324242061847,-0.014336285913563975,0.0,85.0,False
Q8NDI1,0.0027988206274255226,0.00690129756909639,0.0,0.016171076638381673,88.0,False
E9PN75,0.0027940188160051724,0.0025725354889302213,-0.014396714185670827,0.022567630019243275,72.6,False
M0QZP2,0.00278594546399264,0.00396099475366468,0.0,0.011393459191826716,74.0,False
Q96FN4,0.002767943158340696,0.0066686791767355865,0.0,0.014013488903830541,96.2,False
A0A2R8Y5E0,-0.0027625228640622856,-0.005166883157184966,-0.02147510259433285,0.006728443781827109,67.0,False
A0A7P0T9P8,-0.002711219364907658,-0.0043211476563240776,-0.016370283230142436,0.0015737358057377891,69.6,False
Q96C45,0.0027068935845685972,0.008440461758118791,0.0,0.02174403918711576,82.19999999999999,False
P20020,0.0026975881857397976,0.003265607538302737,-0.0011514555225460178,0.015456977243439763,64.0,False
F5H0N7,-0.002694053991450482,-0.005776009880757202,-0.017071559089007322,0.0,75.0,False
B7Z6D5,0.002692475585074744,0.005915155101784059,0.0,0.01775002399279204,72.8,False
P05783,0.002677214874839034,0.0015019513089117463,-0.014170556053814853,0.018638088596364493,69.39999999999999,False
P35908,-0.002675371339492809,-0.005808000082474471,-0.017430806245845736,0.0,69.6,False
A0A8I5KVU2,-0.002653468076179177,-0.005339121320557088,-0.017088834130778895,0.0015843738276408396,73.0,False
B4DT96,-0.0026462316223008478,-0.005596720668056171,-0.01754470734531823,0.0,74.4,False
A0A669KB77,-0.002645477956472885,-0.00474343672305985,-0.02061989012816435,0.006747107013234747,71.2,False
Q68D06,0.0026228601165202967,0.006828608385096179,-0.00970287489538994,0.03359924793006114,70.39999999999999,False
Q9HCE5,0.0026200910045060784,0.006075586273392149,0.0,0.015083306103735485,87.0,False
O43680,0.002616930000788745,0.0052035061204024746,0.0,0.014683458626320315,79.0,False
P17342,0.002559972911469482,0.0050776650620024425,-0.010041505531761481,0.025988084166078677,75.0,False
A0A669KBF1,0.002558273664919165,0.0038126629936325335,0.0,0.012917297595766652,67.0,False
A0A7I2PK40,0.0025440611020455324,0.0033013295624289888,-8.929050415803702e-05,0.01269138030171574,61.4,False
A0A7P0NGZ6,0.0025422564382689495,0.003920700590775998,-0.016639728655439178,0.030922640288226496,79.2,False
M0QXS7,0.0025395942339601217,0.0034721003078131414,-0.008481762007880641,0.018667654331815244,67.2,False
F5H719,-0.002518672406631445,-0.005496902885221338,-0.015187979354724183,0.0,78.8,False
Q9NZM3,0.0025128110830026688,0.008802502110947822,0.0,0.01785891296480382,93.2,False
P61106,-0.0025042541637633306,-0.005284792260104629,-0.01700815872912853,0.0,66.60000000000001,False
A0A494C0I2,0.002503714151849047,0.007565668606682909,0.0003435763225435166,0.013144562238786742,97.6,True
P20742,-0.002502127384158245,-0.004812430666754111,-0.01777661587604165,0.0,65.4,False
A0A7P0Z4J6,-0.002501909099181679,-0.0010149662134164151,-0.011119259250241516,0.007103029951211315,65.8,False
O95988,-0.0024977819657143684,0.0015211596010724182,-0.010615148316387268,0.016401218530814072,62.0,False
P14920,0.002496623593994925,0.005645253169926532,-0.0064915559148045355,0.02530608707193302,60.4,False
A0A804HJ28,0.0024846648614463584,0.0060138219653192,-0.0019609103330501016,0.024286281670802587,68.4,False
H3BPA8,-0.002480397865835382,-0.002904415117828007,-0.017196034598291946,0.004991980227549857,63.6,False
O60245,-0.002477979853628947,-0.0021669912572204724,-0.019008293671501454,0.014622476481513142,64.0,False
H0YN14,0.002477493268309377,7.92673589165859e-05,-0.013603597543390517,0.014347929899147153,65.4,False
C9J685,0.002465685840390908,0.005929874983794212,-0.0002211474942142295,0.021167492712456486,68.2,False
P51589,0.0024626611437644783,0.00545001973819181,-0.007650223428307592,0.022421124112042473,76.6,False
A0A1W2PR28,-0.002440947856908161,-0.0015604087437646617,-0.016424510859714175,0.011915073785575296,74.0,False
E7ET76,-0.0024364373617521014,-0.0019928120927714043,-0.015014916236326163,0.011370803128358496,78.2,False
H3BQ17,-0.002428042857762809,-0.004976839565847855,-0.019340795483203707,0.0004280086761991198,64.8,False
E7EVS6,-0.002426320314736906,-0.008937433315736895,-0.01951166145887154,0.0,90.60000000000001,False
C9JDA4,0.0024162383515995644,0.005497134132255194,0.0,0.014339344655214078,77.4,False
Q99459,-0.002385356024675006,-0.006361507734728591,-0.021835971890267137,0.0020344208278513347,71.2,False
Q96BN8,-0.0023847763149606265,-0.00846340140228305,-0.02607046972056469,0.0,79.2,False
F6SDV2,-0.002367270815011654,-0.003585856999158049,-0.024102733457785082,0.014433056292651552,76.2,False
Q9H6Z4,0.0023620476508900055,0.003514903972478069,-0.007235986398471177,0.0189676441790604,64.60000000000001,False
O43719,0.0023597525438959653,0.002782204468028104,-0.00588046089605224,0.016601807447314747,56.599999999999994,False
P02649,-0.002347586581364118,-0.006608106162508007,-0.013254556390178468,0.0,93.60000000000001,False
F5H4M7,-0.0023474348012975607,-0.005921268745789751,-0.021647842106679287,0.005837895406330309,77.0,False
H0YLK8,0.0023376365685879594,0.006794010999405485,0.0,0.012870427661027103,94.6,False
C9JEU5,0.002332783619219159,0.0013778440817567863,-0.015502624150439848,0.01715369229153371,71.39999999999999,False
O14672,-0.002313899220095564,-0.0033617007623733338,-0.0289580796931976,0.019521382726254997,82.39999999999999,False
P35372,0.002313000122928337,0.002371390267043298,-0.007166303495832533,0.016487695362751867,56.39999999999999,False
A2RUB1,0.0023054784713882974,0.001922196010261647,-0.01575069949385353,0.016911769511812887,70.0,False
A0A6I8PIK4,0.0022923095598823785,0.004911638209971938,-0.004195558715501199,0.019560465342757634,71.8,False
E7EWH8,-0.0022847584236888006,-0.00775679394198816,-0.02526132310701962,0.008546635866109029,77.4,False
I3L122,0.0022846076434526684,0.003452516915203933,-0.011066189200196095,0.019482454735446936,69.39999999999999,False
Q5T089,-0.0022845960108315608,-0.0006350603544997899,-0.015399318444819328,0.013412074069538078,60.6,False
A0A494C1Q3,0.002271224240839962,0.0007165608056200448,-0.0067319095218760314,0.007199096487747057,54.2,False
A0A087WZX0,0.002263458472154118,0.009331402771561484,0.0,0.021990388159467886,87.2,False
Q9ULD0,-0.0022613927881100057,-0.002240744875930831,-0.018268479514414415,0.009797925775650982,65.2,False
Q8NET4,0.002261380266581303,0.0004103022419221902,-0.013679058980500503,0.015299797216670146,65.4,False
K7EMK7,0.0022540257718385954,0.0037454039675196547,-0.008796549620711242,0.01865076188206008,67.60000000000001,False
A0A1W2PPM5,-0.002248346637566328,-0.0034509115826514437,-0.024468118034154922,0.01564258974046425,76.6,False
Q6PJF5,0.002242274504071885,0.0026543131302846456,-0.009578425278295602,0.020241855404057964,64.0,False
C9JLR9,-0.0022171173736948812,-0.0020547587470182956,-0.013355006425458617,0.004184723566691591,52.800000000000004,False
A0A6Q8PGB5,0.0022161133744143836,0.0003128601131368974,-0.015426747130406407,0.015171143827165954,67.60000000000001,False
Q86W92,0.002207798743579586,0.005573913907644234,0.0,0.015155534981466635,78.0,False
Q9Y2F9,0.0022039280198542194,6.308979734942876e-05,-0.014942545870649528,0.017177890897925468,66.4,False
Q13029,-0.0021803413496483846,-0.002093723794332126,-0.016604861607924258,0.008989336804558627,64.2,False
F8VVI6,0.002173221100015566,0.0024878274524640295,-0.010729468716386966,0.0200974601183567,67.2,False
D6RHH9,0.002163935790261637,0.0007771762297045485,-0.007886102563652186,0.009682847584817293,53.400000000000006,False
U3KQE6,-0.0021533617037017136,0.0015628489276962169,-0.01731413372343921,0.025045205183097812,73.6,False
H7C511,0.0021501094622113164,0.008905143476550137,-0.00837946680524448,0.03159853214776786,75.2,False
B1AHB1,0.002147437614008203,0.0035103532786907306,-0.009580624820496457,0.02099703419286724,61.0,False
A0A087X0V5,0.0021391970610136475,0.005823196726504114,0.0,0.0178449762682761,76.2,False
A0A590UJK3,0.002131373684462698,0.0049802799782989625,-0.005945617706060852,0.020982916799942544,71.6,False
A0A0U1RQQ9,0.0021185458252402233,0.0019366800296497727,-0.005655247004733989,0.009146401362450478,56.99999999999999,False
Q6P0N6,0.002114599826585649,0.0074715226482210215,-0.005597846639100425,0.025541719217850752,78.4,False
A0A087WWA3,0.002111372185834065,0.00353397616238764,-0.0032814189973888867,0.012677129669520984,72.39999999999999,False
J3KN36,0.0020939119140091235,0.0004493495031902242,-0.00917668015301493,0.00955301271345827,51.2,False
Q7L7X3,-0.0020891397923708415,-0.00769270037415165,-0.023210680073353585,0.0,81.39999999999999,False
J3QSC5,0.00208641359999257,0.0006315069591236333,-0.01149823911831181,0.013472982366002077,59.8,False
H3BS09,-0.0020783802748232803,-0.005708115824319827,-0.01343165706983465,0.0,81.6,False
P35222,-0.002073789655468159,-0.004919402828938642,-0.012779461642582726,0.0,81.0,False
A0A7I2V374,-0.002068621491437558,-0.0010720139623695282,-0.011920607468331254,0.010970636469062291,76.8,False
G3V4X7,-0.002067044376646776,-0.006514076665097718,-0.025238740450615436,0.004388329697725093,72.0,False
Q7Z3E2,0.002066130866071651,0.0018430058671728548,-0.014379380334099953,0.018764749662900832,74.4,False
Q9UNA1,-0.002065689308508842,-0.004107018164725064,-0.015774111262436483,0.0027594317627584342,64.2,False
A0A7I2V4J9,0.002054581553848787,0.00027150314448328876,-0.01467565338989584,0.017344060947195292,61.4,False
Q6ZVN7,0.002048794366576472,0.0015775902221298165,-0.013026923393711145,0.01709937122247841,65.0,False
Q9NXL2,0.0020399236315976985,0.0008404880609490172,-0.013943867258106193,0.016917235725499174,67.2,False
Q13574,-0.0020371135254413017,-0.0049976508343108315,-0.017999697598041788,0.00371899664390583,71.39999999999999,False
Q9Y2X3,-0.002034125448795014,-0.005136713715792315,-0.02069944020501766,0.004645924414017125,73.8,False
E7EU81,0.002032082294739095,0.004886012104525733,0.0,0.013176013827127306,78.8,False
A0A0C4DH73,0.002030617953816537,0.0036678283021683656,0.0,0.012465866329474124,68.0,False
P31930,-0.0020215433570012916,-0.0037812658148506126,-0.017478830743222103,0.007736189544108108,66.8,False
Q92541,-0.0020111772770232085,-0.007459617495457639,-0.023097739871420723,0.0034662158620439036,78.4,False
J3QR90,-0.0020055107940384126,-0.004520309259492121,-0.02197614594181842,0.005176565557345822,65.2,False
P01699,0.0020029284063250927,0.00351265210842251,-0.015533627329481187,0.03462010060847245,72.8,False
A0A0J9YXX1,0.001998351831369293,0.001668162779412312,-0.00894841599390635,0.01741517211472869,61.6,False
A0A0S2Z4L3,-0.0019933654540460876,-0.004819310370577663,-0.01593105869871183,0.0,71.39999999999999,False
O14492,-0.0019910827450338783,-0.006223446206382783,-0.013287128478598288,0.0,89.4,False
P30040,0.001990453000875798,0.004854270289130396,-0.0032317690344030583,0.01800218011149182,65.0,False
Q9Y5G8,-0.0019793051559690543,-0.0031076619642321814,-0.015198775335643799,0.001998894603023203,61.6,False
Q9H0R5,-0.0019621749733392383,-0.005028373365856369,-0.014884294852662197,0.0,71.6,False
P0DMS9,0.0019583532577607016,0.004254209936239333,-0.006280121130908501,0.017158496907028677,70.19999999999999,False
Q02985,0.0019524691605156883,0.003925283275326577,-0.007865617437782704,0.018063877169354443,62.4,False
K7ER32,-0.0019318417668246267,-0.0025147733019880237,-0.017771278184264275,0.015952297971603243,67.0,False
Q5TCY1,-0.0019302389854105697,-0.004272037153030965,-0.021281765933608244,0.007197429205538347,76.8,False
E9PE85,0.0019295593086963603,0.0026404631263967733,-0.00422332555746642,0.01248690728760175,62.8,False
Q96NX9,-0.0019250967656447107,-0.004824442329182111,-0.02214476637007087,0.012033929725455689,79.2,False
O75339,-0.0019097350063296097,-0.005063684774651932,-0.014315594409241699,0.0,77.8,False
A0A0J9YW64,-0.0019068131106414192,-0.004587475039603257,-0.015564172127397188,0.0,72.8,False
K7ERQ0,-0.001906347128186518,-0.0011590794535254686,-0.02217252918150646,0.013239983076334174,67.60000000000001,False
Q99742,0.0019041629421057886,0.00546612776669955,-0.0004202122087415901,0.017248543608327473,74.0,False
E9PSD9,-0.0019007633854698218,-0.004945355228889864,-0.01483425619173821,0.0,77.2,False
P20309,0.001878986010295365,0.002378017991110077,-0.014909620395561315,0.017982777142168678,66.4,False
A0A0C4DG89,0.0018763453024399346,0.006070586237301862,0.0,0.01738524174992047,76.6,False
Q9UMD9,-0.001870373909408536,-0.0026563642967668325,-0.015068655468265128,0.006358620399476518,64.0,False
Q9NQZ2,-0.0018693082845735762,-0.0006464718221306266,-0.021016033626408224,0.01757954559933067,67.0,False
I6L8A6,0.0018502905664758032,0.004968291171210332,0.0,0.016779040063174103,67.0,False
Q5VTM2,-0.0018407263557383812,-0.00814516333166477,-0.020724770036683753,0.0,84.0,False
A0A8I5KXN1,-0.0018406064229764903,-0.004232466914878912,-0.017880747501020904,0.0008461149758014899,66.60000000000001,False
P10643,0.001836088726929166,0.0005999858050296741,-0.013922246640230129,0.017066310593421355,70.0,False
P42680,0.0018349987098917307,0.003751484708177026,-0.011293108563062386,0.020775652274098163,76.6,False
H7C4L7,-0.0018337993802936031,0.0023241394117903377,-0.008308669211194549,0.013298933950272854,69.19999999999999,False
O75290,-0.0018283596138822884,0.0005544288552856726,-0.01784597491426922,0.01854153439243048,73.8,False
P08758,-0.0018165654740975143,-0.005068049373362521,-0.011985798965318203,0.0,80.80000000000001,False
E2QRN5,-0.0018080959563487244,-0.003019452852601977,-0.023422978066543393,0.013401852001975662,75.8,False
F2Z3A4,-0.001803536681519032,-0.003450368493464961,-0.01638173459115062,0.003256224472147072,62.8,False
A0A096LNH4,-0.0017840483558834521,-0.0009029559137556576,-0.013003837467821883,0.014050411281674955,61.199999999999996,False
Q9Y5B0,-0.0017791762856415223,-0.003601882217412835,-0.022188687161021653,0.012778921785538062,65.60000000000001,False
A0A590UK12,-0.0017574660227164544,-0.006758975631349617,-0.02445628833036004,0.005190904332668287,76.6,False
Q6UB98,-0.0017521508053020924,-0.00586117163101734,-0.019641834306440762,0.00563389103957629,75.0,False
Q96RT6,-0.0017484426420513795,-0.005384141120755575,-0.021336079233856546,0.004223095449931995,69.6,False
P06312,0.0017380926657812872,0.0005192121516986035,-0.019298447684670636,0.01723976437166242,66.4,False
A0A0U1RQK4,-0.0017318652441586603,-0.00323064861080286,-0.02217216208816625,0.009651942917913822,61.0,False
A0A286YES2,-0.001715726024427092,-0.005639644588408035,-0.0210669637867238,0.00411329279347992,71.0,False
E5RJU9,0.0017052284061346336,0.0031854395539870576,-0.004424954397332119,0.015978961547357205,61.4,False
Q9NY33,0.001695532236455258,0.004741401828725817,-0.003231195526839914,0.019370307842692287,72.6,False
Q8IUI4,0.0016910414306241174,0.008374761682705626,0.0,0.0214064648749659,80.80000000000001,False
J3KNE0,0.001675541902334202,0.0040038439797514215,-0.010734682535489103,0.021413621588258352,70.39999999999999,False
P12036,0.0016725141934903858,0.007322061184569828,0.0,0.017313148037924796,87.2,False
Q9Y5G9,-0.0016685764880954351,-0.00529448160099258,-0.024192983217620454,0.01666432802986921,80.2,False
H0Y555,-0.001653795131773068,0.00020263489501786867,-0.011686408739146717,0.014239435283963398,54.0,False
A0A2R8Y590,0.0016533710245414646,0.0016882017692899215,-0.010118265779069971,0.016298041468122453,61.4,False
Q9NYK1,0.0016318834939246694,0.0013603172912705697,-0.012697200116771348,0.016945514549715927,68.0,False
C9JZR2,0.001629700189797278,0.001300874368227373,-0.0076003003929626224,0.01224245157029833,57.99999999999999,False
F5H515,-0.0016293013735216699,-0.0052888862660465255,-0.010974758034325039,0.0,86.6,False
P13569,-0.001625860275501265,-0.0034949223727663084,-0.01998432219771236,0.008619844535725982,69.8,False
O00628,0.001620349846651685,0.00657784405760797,-0.007022752006675654,0.02123565562858564,80.0,False
Q9C0C2,-0.0016192487181071885,-0.0009073278900127796,-0.017814776842708428,0.012536944001430834,73.8,False
E7ET48,-0.001615446832328277,-0.006687225331794769,-0.022634390558890737,0.005902140607362872,74.0,False
E7EX60,0.0016117974301641527,0.0035667145577363613,-0.004421321183345593,0.01643897966955548,65.0,False
Q9H361,0.0016093718099751031,0.0077471607326762325,0.0,0.01768526396490364,84.2,False
F8WD91,0.0016089631722282845,0.00437909423362328,-0.004963766480637731,0.019814274819553702,68.8,False
Q8WYB5,-0.001598780320058295,-0.006910421658573434,-0.01872656164726874,0.0,88.6,False
A0A6Q8PFK1,0.001590523791050757,0.004032394200322159,-0.011251094057039997,0.02465440709956839,73.6,False
A0A590UJK7,-0.0015813661430629801,-0.0026737376477426224,-0.01985747376853222,0.014324308603808476,65.8,False
E9PIY0,-0.0015773482146756517,-0.0036882502334436404,-0.021242522745786564,0.004565689502849976,67.2,False
Q13342,0.0015603948081303056,0.0041203999757280846,-0.004989653444336414,0.012979555402759368,77.8,False
P01031,-0.0015553567285490233,-0.003923943154739564,-0.017715228080807336,0.006422591804858377,70.39999999999999,False
F8WDP8,-0.001544633290499555,-0.007417008139652066,-0.024002768120345727,0.0020348399540966356,79.2,False
P53384,0.0015431157510864986,0.0026618945977982785,-0.004963050959745391,0.01278718728035745,63.800000000000004,False
O75132,-0.0015426641745392546,-0.003957674964422124,-0.016139238189592366,0.004890408024919883,67.60000000000001,False
C9JGB1,0.0015364877377807011,0.001014074190462763,-0.008082906585600591,0.012713894560421485,47.4,False
P84085,-0.0015286927435733057,-0.0006198586144545932,-0.020195964662388433,0.02175610877665485,72.8,False
Q8NAV2,-0.0015224791370195198,-0.002563803858838985,-0.013469170853436177,0.0015190365586127599,55.60000000000001,False
Q6ZRC1,-0.0015161755748477207,-0.004214186898961154,-0.024413680030229902,0.014775971414090244,74.6,False
A0A087WTN6,0.0015150367392001813,0.00761569424600954,0.0,0.022653781835608403,78.8,False
E7EX59,0.0015128540749323434,0.0027910253731529204,-0.009051017471247638,0.01896793843675247,65.0,False
A0A5H1ZRQ7,-0.001508422348230814,-0.00394058904159437,-0.010948151181779626,0.0,78.2,False
H3BTE0,-0.0015050366101664818,-0.002990572854879448,-0.01604022337072892,0.0021641742061803077,57.199999999999996,False
A0A0U1RR07,0.0014967524995116775,0.0009840546857051388,-0.008356768022403814,0.011470925933233794,68.4,False
P33076,0.0014964230797409777,0.00513403873564907,-0.014670228292875714,0.0278935853303799,77.60000000000001,False
C9IZ84,0.0014941501143478225,0.0006073264159882202,-0.017940218688652244,0.017233586364255433,73.0,False
P02538,0.0014847598405968105,0.005113729125433313,-0.0004401623487075791,0.016258866600377064,72.39999999999999,False
Q13637,0.0014779240161915848,0.007439842118834441,-0.0015768460704370971,0.020972384819575644,80.80000000000001,False
A0A087WW44,-0.0014738331848987596,-0.004162827395521041,-0.02193246182721569,0.0026051409131826464,44.0,False
A0A7I2V569,-0.0014716392083653114,-0.005043669918722065,-0.01356645995713551,0.0,79.4,False
H3BRN5,0.0014588927089001608,0.0007178023640060469,-0.004074267903909398,0.005850849324335429,51.6,False
Q8TC20,0.0014583196178969558,0.0013177285520791387,-0.009228539634346077,0.015113471220988519,57.99999999999999,False
Q13618,0.0014554440134073251,0.0006754763383976927,-0.03305310308000671,0.030766024378134332,77.60000000000001,False
A0A0C4DGB6,0.001449497398242019,0.0007068763041873804,-0.008927661904171309,0.01150372354466182,51.4,False
A6NIW2,0.0014416109780790672,0.0016624085200511011,-0.013436954476617354,0.015326793384161576,77.8,False
A0A7P0TAD2,-0.0014406071951193233,-0.0008622092264670863,-0.02102974496379484,0.01560171157129518,73.0,False
H3BVG8,-0.0014107726599245538,-0.004824729376960801,-0.015660060369272134,0.0,70.6,False
A0A669KBL1,0.001398323878500443,0.006361078661165171,0.0,0.013101465130397975,91.4,False
Q14624,0.0013970000793337265,0.0016534291530166537,-0.008462255242524608,0.014510291561271565,53.0,False
E9PG71,0.0013926320890191096,0.0006412183477589133,-0.006163414950711148,0.008477388088783152,49.8,False
F8VSL3,-0.0013826753162892633,-0.0007366058978943484,-0.018266225942352488,0.017192117727024454,65.2,False
E9PEJ6,-0.001363655043421743,-0.0040158515512931,-0.01772469523536525,0.004115478337278336,68.8,False
P35858,0.0013635887146545408,0.0001980222675812269,-0.01116999673805851,0.013703253895565643,54.6,False
A0A8I5KX04,-0.0013600449867928513,-0.007741982201568421,-0.019571982923374115,0.00043508462447048544,86.0,False
F5H5U2,0.0013493964503368113,-0.002550669077189961,-0.01890616440313313,0.011685004627074667,77.0,False
J3KTQ0,-0.00134027941070072,-0.0008063598935191274,-0.008813189883596025,0.002721315362487705,42.6,False
O00571,-0.0013396432150327646,-0.0012975455645963313,-0.007931070037350623,0.007160566103185065,64.8,False
C9IYG9,-0.0013366443982262696,-0.004206131429542746,-0.010895911490132481,0.0,78.4,False
J3QR69,-0.0013342592119792497,0.0021321047421734144,-0.010629192493449145,0.015879504435492634,64.8,False
Q5SR44,0.001330494637079267,0.000781362474297112,-0.00965636576842102,0.01751939875452852,59.599999999999994,False
K7EPF9,-0.0013217098960013696,-0.004460190223998386,-0.012419035224348892,0.0,75.8,False
C9J2Q6,0.0013212107240949905,0.003294568745935741,-0.004507369845563733,0.015572489387571697,65.0,False
Q9P2G9,-0.0013115589836934416,-0.003966412846866684,-0.018779606605432188,0.005380957504635884,66.0,False
I3L0W3,-0.0012821534404178967,-0.005738345718115547,-0.021517624764284034,0.005707704521900119,73.8,False
Q9NZP8,0.001275288212395478,0.006266395207173346,-0.0047688465408718735,0.02068730534545968,78.2,False
G3V2R1,-0.0012726566849985182,-0.002943216427083845,-0.013755808039902428,0.005602100972210365,65.8,False
Q9HB14,0.0012679839019874687,-0.0005934653836150175,-0.014296405746611727,0.01415534083256801,78.2,False
Q6ZMP0,-0.0012657480684314007,-0.003774525557799298,-0.01674386080694618,0.004861878605542825,61.6,False
O14795,-0.0012628955724147968,0.0017113416411072644,-0.01333321640544058,0.019250636322915817,66.0,False
A0A087WY68,0.0012512340747634725,0.00399722856041186,-0.005628511141558076,0.020339148769338563,63.800000000000004,False
E9PM90,-0.0012455760468066876,-0.0043407839126037165,-0.012654958796796418,0.0,71.39999999999999,False
Q15283,-0.0012319733180530994,-0.00398698136862051,-0.012548761037481978,0.0,74.8,False
P0C1Z6,-0.0012220836846668806,-0.0027627609620701804,-0.021028164613912062,0.0062265789384248985,62.0,False
A0A6Q8PHG5,0.0012158894376286624,0.006852304496623849,0.0,0.014020488229454217,91.0,False
Q86X53,0.0012096967679074801,0.003182455169653146,-0.011292872472323131,0.02471683253016541,65.60000000000001,False
A0A5H1ZRQ3,0.0012035113134066294,0.0001878659366172791,-0.014782264064551538,0.01496634866775973,58.8,False
A0A3B3IS43,0.0011927683385436622,0.0004001728773131678,-0.009492704560573375,0.009952042909390234,47.599999999999994,False
A8MTL3,0.0011897901976670212,0.003998188845781851,-0.002272321980575417,0.015777854914194107,63.2,False
A0A087WUD9,0.001180795312762441,0.003076163943986279,-0.0014944754570244472,0.014565599063512322,58.599999999999994,False
A0A805TBS0,0.0011767090326288985,0.0017541884175038967,-0.01048532055970104,0.01712791908069669,65.4,False
Q5VY30,0.0011638894741138471,0.0011155162105369485,-0.008920307414707803,0.011932479468630176,56.599999999999994,False
F5H3Z5,-0.0011574105264684188,-0.0021107084797182445,-0.017149472771513435,0.007278873369254729,55.2,False
B0QYR5,0.0011559720124431974,0.005962826682972347,-0.005756022950600338,0.02317230581859647,72.39999999999999,False
Q92576,0.001155651862057013,0.004294094804299229,0.0,0.014696691068554498,68.0,False
O94823,0.001154853444847344,0.0013681768870433299,-0.0151147370796843,0.02009091976141073,72.6,False
F5H1Y0,-0.00115389429622652,-0.005160061166403693,-0.017238618912035722,0.0,74.4,False
Q9BUG6,0.0011463646186047538,0.0031345953600969497,0.0,0.010375843453094441,64.2,False
F8VYK9,0.0011433995630029804,0.0047511430911697065,0.0,0.012441621623907998,81.0,False
E7EUN2,-0.001128731991963781,-0.0030729781492293317,-0.015393039630048958,0.008180984567560553,73.8,False
Q8IY85,0.00112739443329479,0.0031565247194621534,0.0,0.010543608784884478,66.4,False
H3BPK2,-0.0011267218812626187,-0.004646797717310572,-0.01177527325252792,0.0,85.2,False
Q7Z7G2,-0.0011096802815458889,-0.004122104376498995,-0.016034459684834208,0.0,65.2,False
Q9UIF9,0.0011045642182339254,0.004668093050970776,-0.0007121435430285867,0.016414392548967878,64.4,False
Q86W56,-0.0010967135642841405,0.0006089631199967387,-0.005629682433288725,0.0070449493526120645,44.800000000000004,False
A0A7I2V338,-0.0010928006941042592,0.00043604738164663146,-0.015135746241470361,0.01256352818590023,62.0,False
Q9NR16,0.0010888866621711847,0.0020715803062362945,-0.008458832583515255,0.013089347476818761,60.4,False
Q9NR63,-0.0010782976948184352,-0.004840453272953174,-0.014107108180553638,0.0,82.0,False
A0A3B3IST8,0.001078175638260708,0.006249753289968021,0.0,0.019773331386571287,77.4,False
A0A8I5QKM0,0.001075858534251132,0.005306080659349112,0.0,0.01462952110097334,82.0,False
Q5JXD3,-0.0010738374458277738,-0.004013635777009889,-0.016544801790843052,0.008611643733690822,72.39999999999999,False
Q96PD5,0.0010585455353567769,0.003735498485425172,-0.006964813900355432,0.01764138778770458,72.8,False
A0A499FJ85,0.001056642538603587,0.003632753528174225,0.0,0.014311920848576529,60.0,False
H0YLA8,0.0010517593572641505,0.0002627444119234494,-0.007893480319106182,0.008527904209984156,47.599999999999994,False
D6R9U1,-0.0010515910014140973,-0.004268863258383902,-0.016526896941894128,0.006784911816243795,69.39999999999999,False
P58397,0.0010515770952517233,0.003899129027575753,-0.0021108194640855563,0.018311056691796074,60.4,False
Q86Y33,0.001050509622765097,0.004997389445964537,0.0,0.01553062202543517,83.0,False
Q6N069,0.001048342933723377,0.0003886697102237013,-0.006758055737792155,0.006791580928647787,45.4,False
D6RA62,-0.0010443779460880078,-0.0013247792994951027,-0.013100022370385371,0.009567612226099914,58.4,False
A0A2R8Y2Y1,0.0010363892486860609,0.0028183667332865453,-0.009341082278011252,0.013087048226742502,69.6,False
J9JIH8,-0.0010304691743615384,0.001508124044916092,-0.012526285953461778,0.016019966220722843,69.0,False
Q14966,0.0010279609002989327,0.0007613715214851549,-0.022767985938245697,0.0283825333530346,76.0,False
Q13591,0.001016337267504528,0.0075683970600845234,-0.0027693371202017446,0.021769413425312016,75.0,False
Q3YBR2,0.0010077235790013136,-8.75360758741309e-05,-0.012199149754530595,0.01104900834481802,56.39999999999999,False
D6RFW5,-0.0009933938399145211,-0.005878431843354262,-0.019315192044699662,0.003056465129492585,71.8,False
E9PRF4,-0.0009829070271859066,-0.003748103446964418,-0.014607843371912519,0.0,59.8,False
G3V4J5,0.000979225858936528,0.005711291500337069,0.0,0.020303028585982975,70.8,False
A0A8I5KW61,-0.0009740661007268017,-0.0015309445460629833,-0.016503848457670063,0.010585788601159959,57.8,False
A0A804HKE3,0.0009685880329867864,-0.0006321174035573246,-0.013656184895302903,0.010817614198322908,72.0,False
H0YAS8,-0.0009644077591041604,-0.0006771150508162705,-0.022112715737549138,0.018367624501125068,72.8,False
Q9Y5R5,0.0009628439943867429,0.0015988628427543693,-0.009724136690192882,0.015579170483157202,63.800000000000004,False
Q8WUX2,-0.0009605802585701385,0.0002055318620400388,-0.011130017628859531,0.012676121019561408,69.8,False
A0A075B6S2,0.0009596212719329042,0.0009995936800735162,-0.01713933710156052,0.022844841264001985,70.8,False
J3QQQ3,-0.0009415428103267998,-7.302141790408602e-05,-0.015764289869423426,0.014805527133252335,62.2,False
E9PFA2,-0.0009410365723864985,-0.004744155997874145,-0.023448367858785048,0.008793770749496435,72.39999999999999,False
Q9NUQ3,0.0009335746991360557,0.005077910609985438,-0.007766161273975452,0.020909936723672293,72.2,False
J3KMZ8,0.0009320957013064571,-0.00034414849793327356,-0.006218652673279763,0.004051082488321236,35.6,False
E9PFK9,0.000922993229082715,0.0057607058418865965,0.0,0.013208566077483053,89.4,False
Q14192,-0.0009167308307550264,-0.003395414742451626,-0.01279059609935447,0.002187798279708359,68.60000000000001,False
I3L4Y1,-0.0009129365231197177,-0.00588201643256858,-0.022871123722119937,0.0064105405986919104,76.8,False
P22223,0.0009058853682940772,0.004027181439627479,0.0,0.013814736867577445,62.4,False
Q8IYD8,0.0008898471375548774,0.004205784903844413,-0.015996819514183868,0.030028037264298212,70.6,False
Q9Y2I7,0.0008768681405967365,0.0013533457539857256,-0.016078696012816706,0.021394207959566338,73.2,False
Q9H992,-0.0008716002176368826,-0.0038195035368761023,-0.011761486236522947,0.0,65.2,False
Q8IYB7,-0.0008659050624858688,-0.0032419953996317094,-0.011293807961030241,0.0,68.4,False
M0R0Q9,0.0008566600229970703,0.006864823381828012,0.0,0.01868597972784423,81.39999999999999,False
Q96NA2,0.0008522427277995686,0.0008130239731684385,-0.014678465976693592,0.01903039547868588,66.4,False
Q9NZW5,-0.00084503383790346,-0.0014727735414656793,-0.012332268287529794,0.005203024834170465,50.8,False
H7BZS7,-0.0008409109429778057,-0.002717683189714434,-0.016418960557096206,0.005348630164517865,56.2,False
B4DMS8,-0.0008403812600891767,-0.006001651218414776,-0.01793263559881946,0.0,72.0,False
Q96QR8,0.0008333565351415223,0.004355082862422109,-0.00045032998004700564,0.014031846780221492,74.4,False
A0A7P0TAP9,0.0008162115030837569,0.0014409353129639503,-0.0076404411872732095,0.010811896688397889,69.0,False
Q96EU7,-0.0008071085700244404,-0.0038143360630221437,-0.024726939442835317,0.013994262850228976,73.6,False
C9JCY1,0.0008068200676084722,-5.0780208999494406e-05,-0.00890102562345067,0.008286925685617147,47.4,False
Q9BYG5,-0.0008047607550643477,1.054592937376121e-05,-0.013770354108092275,0.013734500205406478,59.599999999999994,False
D6RIA1,-0.0008044201978408085,-0.0012730601441143827,-0.010621553879831972,0.006881992881951456,47.0,False
A0A2R8Y5G6,-0.0007925656579608619,-0.0015821546126226279,-0.016829397854855852,0.013975478685388251,64.0,False
A0A7I2V3N5,0.000786755360681201,-0.00037380582343371683,-0.0058214108265875865,0.0035997306447858504,32.800000000000004,False
A0A0C4DG95,0.0007793594103145986,0.0008430635974139134,-0.017520009828644184,0.019670239538031063,75.2,False
Q9NS91,0.0007765988988622295,0.0054854206477024615,-0.004293835648881416,0.017925469719642942,76.4,False
Q14766,0.0007576147053595937,-9.558083139137292e-05,-0.014173537964320812,0.012695268631396958,82.19999999999999,False
A0A1B0GWI5,-0.0007522177139056183,-0.0012216900891403322,-0.01211316103858757,0.007177022248043195,63.4,False
P23942,-0.0007410201185473253,-0.0039366173259728155,-0.017966564763178178,0.00844551119919554,70.8,False
Q38SD2,-0.0007278159789513202,-0.0015803452649530234,-0.016057882979618777,0.009017180373943943,58.4,False
M0QYS4,-0.0007256433606183939,-0.002644798823888243,-0.017145969406516342,0.011874320136202826,60.4,False
J3KQ40,-0.0007156981268440587,-0.0036506451200904715,-0.015358701703628191,0.0,59.8,False
Q5VT97,-0.0007066811703888249,-0.0036218359560318287,-0.011336435467647774,0.0,74.0,False
Q8N1F7,-0.0007021849087838394,-0.004891212760049395,-0.0114012273267039,0.0,83.39999999999999,False
A0A0M3HER2,0.0006917251266396735,0.0008035635684789668,-0.007121345957485324,0.007977928195999654,54.6,False
F8WDR4,0.0006808667109504796,0.0019167206520104552,-0.01028281407227716,0.018949553187154803,61.4,False
O94986,0.0006690556631737842,0.006604519367339552,-0.002147837749329264,0.023014468314435772,72.39999999999999,False
Q86XP3,-0.0006619173619381836,-0.004542524996842079,-0.012666267070412017,0.0,81.39999999999999,False
A0A494BZW7,0.0006596348446166993,0.0008257628323017988,-0.014222719055088746,0.016603293596474958,77.8,False
H0Y764,-0.0006578076051039927,-0.0004399716011616909,-0.026051562387236937,0.017142669087910546,67.4,False
A0A075B6Z2,0.0006421375297551239,-0.0009669847908380498,-0.00770662318768999,0.0021131739600820684,40.2,False
Q6ZP68,-0.0006119474398678916,-0.003619668787550271,-0.019340066016271085,0.004045334993394244,64.0,False
G3V3A4,-0.0006089022780950866,0.0007008964189825536,-0.010386811540006462,0.01833321436241791,56.00000000000001,False
A0A087WTN1,-0.0006046125992622307,-0.0012596870095012082,-0.02014766039258049,0.017480169957428102,70.19999999999999,False
Q8N1M1,0.0005936340343258741,0.0031866877940465734,-0.01021251419026519,0.02008260256672776,70.19999999999999,False
Q9ULL5,0.0005872694503883099,0.0038934070494842966,-8.114460048350004e-05,0.013854235445972023,67.80000000000001,False
A0A2R8Y7R2,-0.000581300435442943,-0.0060519391506107904,-0.01441833740126593,0.0,87.6,False
O95155,0.0005799279695436356,0.004059235513880135,0.0,0.011224971525522605,75.8,False
A0A0G2JMV4,-0.000571613544709637,-0.001371674260346182,-0.017184376656428326,0.01473461181790367,62.6,False
Q8WXE0,-0.0005709108199189996,0.0008300852264759078,-0.007186390194931018,0.011156858977201993,56.2,False
A0A494BZU9,0.0005632980736870767,-0.0014034144693925593,-0.0163774811509309,0.00759034276115776,49.6,False
E7ENX8,0.0005537959812471178,0.006363763885891132,0.0,0.020965211327695497,76.0,False
A0A804HIQ0,-0.0005507521478054891,-0.0016217882073040531,-0.021426610180470203,0.013375442404470247,71.0,False
Q9Y5G6,0.0005399041697086452,0.0008477660055461433,-0.008651756796774707,0.010911590520057335,75.8,False
A0A0A0MR36,0.0005382696710643552,0.0022951253650196285,-0.002125675168211742,0.013092068025780753,52.800000000000004,False
H3BV44,-0.0005084653563520214,0.0011002955803904781,-0.01109543956655774,0.0138173348143807,59.0,False
F5H538,0.0005070786957744575,0.006309043230954261,-0.008395352803907612,0.025158670303747507,73.8,False
A6NNK5,-0.0005056648735561167,-0.004115515732028482,-0.011008825813760219,0.0,76.0,False
A0A087WVW6,-0.000503976536117307,-0.0005988372221143965,-0.015099347055625628,0.010636751682168284,65.60000000000001,False
Q16832,-0.0004962414846602916,-0.0047196111779413685,-0.012128435118887962,0.0,77.2,False
P02790,-0.0004944539138732584,-0.004232845101080172,-0.010376336956000364,0.0,83.39999999999999,False
A0A804HJC4,0.0004902191389282783,0.001228548929336415,-0.009782567861649289,0.015739612621130075,62.0,False
A0A6Q8PHJ2,0.00047984642125055676,0.001112108909213049,-0.004892664593469521,0.010401741295193183,51.800000000000004,False
A0A1B0GTF3,0.0004766697781094572,0.0010291694034554805,-0.01804336466905999,0.020433215106026737,69.6,False
Q9H981,-0.00047343185492858085,0.002932400644361397,-0.007894608054132887,0.015086653133589228,65.4,False
Q9UIF8,0.0004729595628478949,0.003683369760532849,0.0,0.013441472628439878,62.4,False
P01009,0.0004706804076867893,-0.0008606253123424701,-0.00836976143497514,0.004368198140764208,53.2,False
A0A024R6I7,0.0004706804076862183,-0.0008606253123428992,-0.008369761434975913,0.004368198140762941,53.2,False
B4DXZ6,0.0004645493832272001,0.0030592261684668173,0.0,0.00920243846474915,79.80000000000001,False
Q14376,0.0004643288500677739,0.002653101881724643,-0.008021129414858592,0.018428244565664106,63.0,False
Q29RF7,-0.00046227267834837764,-0.0026777362653340733,-0.01895868844968612,0.006654830380073244,57.599999999999994,False
Q7L2E3,-0.00045782322789468186,-0.0013657593624649945,-0.01617002106169866,0.011787748223043628,71.8,False
A0A669KBJ6,-0.00045109006995300494,0.0023616019524770166,-0.006227954874200912,0.01418684819455959,61.6,False
Q8NEP3,-0.00044863104598105746,-0.0024203364916182035,-0.014691733324720421,0.004615688366202543,53.6,False
A0A087WTE8,-0.0004444034733727139,0.0008467437601318341,-0.008331403465895995,0.01120992499018084,59.8,False
O43715,0.00043934211598425194,0.004852199778249969,-0.0032551646580511575,0.019371391829715014,69.19999999999999,False
A0A075B6G6,-0.0004293250393351843,-0.002290632902986171,-0.009787308472274566,0.003668818679747177,61.8,False
A0A2R8YEQ5,-0.00042845424899698,0.0014321276902640756,-0.01354398726115647,0.01725999365848478,65.60000000000001,False
B4DH95,0.0004117656482659563,0.002393329400194177,-0.0016469440904945327,0.014711245191101745,47.599999999999994,False
Q96P50,-0.00040723271493911105,-0.0005170423929433764,-0.007299507126511911,0.006064234757030755,56.39999999999999,False
A0A087WVQ6,-0.0003972195807294188,-0.0031796193679969127,-0.020674239528504296,0.00961821280938045,69.0,False
A0A0G2JJQ8,0.0003920068929524125,0.0012560677063566043,-0.017842062382093443,0.01658604067380007,70.8,False
G3V3H8,-0.000388971077765522,0.0007491538504864971,-0.008792785369216518,0.010952830235850789,52.800000000000004,False
Q99571,-0.00038800988241872894,-0.0004935025498778269,-0.0063125025571773175,0.0036352375391627764,36.8,False
A0A804HI65,-0.0003797628456072594,-0.0009286274960010195,-0.009948080103388124,0.0060757759331566625,51.6,False
O75113,-0.0003794405991435867,-0.0005737914660451099,-0.01144045717019793,0.006162916668978791,45.4,False
Q8N3J3,0.00037140661523567687,0.0018475419281766235,-0.01148987467778527,0.016727636290305038,70.19999999999999,False
O75665,-0.00036668168163509824,-0.0035417083637497362,-0.018528467999751743,0.005621732454798363,66.8,False
A0A0G2JKR7,0.0003599550126125862,0.0029165566670559103,0.0,0.010851844609571596,70.0,False
Q5TCH7,-0.00035938956520645363,-0.0014109978362280345,-0.0165126654522718,0.018841723679259906,76.8,False
C9J660,0.0003541804463042518,0.0005803346396537742,-0.015220471147109726,0.016985282828524947,68.0,False
K7EIX9,0.00034521187610826704,0.0028860615953200217,0.0,0.00888052324138565,70.39999999999999,False
A0A7P0Z4H1,0.0003396558579209543,0.003461737427443596,-0.018490482850793438,0.023584669487156897,82.0,False
Q92935,0.0003374077771226575,0.0036484613734872316,0.0,0.010069135505266686,77.0,False
Q96GN5,0.00033254748404807234,0.0033692545159017743,-0.005172839585762802,0.019311927409658407,60.4,False
P51687,-0.0003172453702075288,-0.00020292814595322372,-0.010564475661854257,0.010869630312247252,68.8,False
A1L4K1,0.0003155207338660924,-0.000266764450860961,-0.00777639054136597,0.006067381599323661,44.0,False
Q96TA1,0.00030148766981064133,0.00474665180247939,0.0,0.01555905834884572,73.2,False
Q86XL3,0.0003007289325945733,0.00048091265667681374,-0.0036072789205299693,0.00825864163524446,34.0,False
E9PD35,-0.0002994162961540215,-0.00396762598807781,-0.017944480315196312,0.006817449301124528,67.0,False
A0A0D9SG04,-0.00029560375149775657,-0.00032003082793201386,-0.009531543049437869,0.007701837164470004,50.4,False
B7ZM87,0.0002849238020525968,0.004305706836339312,-0.0027128298332580237,0.012927685061881834,74.4,False
A2AAZ0,0.0002814813094130102,0.00516082771376305,-0.0019206533412333244,0.019284066987118213,69.19999999999999,False
Q8NAG6,0.00026930676238509546,0.0010673717060717433,-0.01744946133235277,0.01981028411686383,74.8,False
A0A286YEY5,-0.0002588715959536768,-0.004728998948788667,-0.02103647682151172,0.0053536070023174195,67.60000000000001,False
Q8TAB3,-0.00025662583363501087,-0.0024699153313632117,-0.025258172897234886,0.02044993186795355,73.4,False
E9PMS6,-0.00025517376221738874,-0.005078199440778553,-0.016354689501032506,0.0008426510277027749,71.39999999999999,False
Q9Y4K0,0.0002532060534912065,7.825058113203491e-05,-0.01012363221669762,0.01242898055723945,53.2,False
A0A0A0MTI0,-0.00023717039145360275,-0.0024234432360977793,-0.01416870222122613,0.008931660103765617,70.8,False
A0A1B0GTY3,-0.0002331910915061921,-0.003499652791724728,-0.014525033256179199,0.0005105613163904262,60.8,False
Q70CQ4,0.00023001726242260662,0.0020652778957418196,0.0,0.008377617720412352,62.4,False
A0A7P0T7Z8,0.00022920036151745956,-0.001647128044297362,-0.008358514534495726,0.001556157259978218,42.4,False
A0A075B6H9,-0.00022838997553555448,-0.003305908756420315,-0.01776897999485787,0.008834126056995198,74.2,False
J3QRV5,-0.00022654899409815335,-0.0021984175760275688,-0.010442273386976328,0.0008259732945563512,53.6,False
P35590,0.00022116793288652422,0.0004194275074522994,-0.013097722256554565,0.015387746058301118,67.60000000000001,False
A0A5F9ZI21,0.0002126453294648214,0.0009596959671522022,-0.01173800983405831,0.016853152580459302,63.0,False
M0R297,-0.000208565789258176,-0.003713462577147726,-0.0256530567751094,0.017600296656380264,73.8,False
A0A0U2N547,-0.00020811862361255063,-0.003136718614310617,-0.01176295873480386,0.0,55.400000000000006,False
H7BYU6,-0.00020086804144311875,-0.0011013698466649517,-0.01127837798592238,0.007842228022885886,50.4,False
Q9BVJ6,-0.0001871244157562195,-0.004792859704470255,-0.020085233530998284,0.0060603125954759775,67.2,False
Q9P253,-0.00018140921510353603,0.0010040762024860089,-0.009378260379616424,0.011413852529273613,57.199999999999996,False
A0A804HIJ8,-0.00017368894741058672,-0.0025853904474743552,-0.010944149367499096,0.0,59.4,False
Q02641,0.00016237855795837405,0.003890567534789259,0.0,0.013570643030641566,68.2,False
A0A0A0MQX2,-0.00015896806228953608,0.0005483928501265765,-0.011045585167586818,0.012146982688067022,57.599999999999994,False
A0A087X0M8,0.0001479340313408419,0.003517280887478134,0.0,0.01228959171627642,56.8,False
Q9NR80,-0.00014629336413416185,0.0028649402493359593,-0.006311725811360775,0.01578515984906214,61.8,False
H0Y7F7,-0.00013984784933753283,-0.0029661078894739584,-0.011755690107471503,0.0,53.800000000000004,False
A0A2R8YEA1,-0.0001326928288212737,-0.0030541498495533148,-0.01105959153783276,0.0,66.0,False
P51884,-0.00012433698775722834,-0.005900056711378783,-0.027087783330317843,0.009686004797354321,71.0,False
A0A0U1RRH6,0.00011962505076634567,-0.0008023865414018169,-0.012888387371428998,0.009058627746703045,50.2,False
O60264,-0.00011898912691093396,-0.004232759061594062,-0.015079483289752121,0.006392248250521847,68.60000000000001,False
O75420,0.00011662617627874727,0.0006523050640954522,-0.009095964656442622,0.01187427699591414,62.2,False
A0A804HKE7,9.86456421559642e-05,0.0008672789614649967,-0.0071071910967370365,0.009112244672805926,47.8,False
I3NI08,-8.814686567046754e-05,-0.0029931854495175068,-0.02062339404337953,0.011367020073512297,69.6,False
Q9BXU9,-8.711126523131807e-05,0.0013010266552298854,-0.011163706047857117,0.015223089194634798,70.19999999999999,False
H0YBV0,8.707261975378549e-05,-0.0008136929594924995,-0.013665646910403895,0.009125772584188863,56.00000000000001,False
P01602,-8.663970612620621e-05,-0.004093592427447366,-0.019170856700815104,0.005815955871958528,64.60000000000001,False
A0A2U3TZK7,-7.767270069895246e-05,-0.0037920948331701065,-0.01097660715165875,0.0,73.0,False
D6RIR8,7.602903016444814e-05,0.0022282298632645484,0.0,0.007887673707131391,65.2,False
M0QYL9,7.443164969672519e-05,0.002225985442793173,0.0,0.006985886159512785,66.8,False
A0A087WUF3,-6.443447852243778e-05,0.0010657829403374478,-0.016434629086233627,0.01632569995451645,68.2,False
D6RF35,-6.0384213035466265e-05,-0.0031425633344738,-0.012198137909984171,0.0,65.2,False
A0A494C0B4,5.487936453760074e-05,0.0004253228080410597,-0.014478007720815464,0.01735616813677065,70.39999999999999,False
Q8IWG1,-4.393680236583719e-05,-0.0005595487928959004,-0.009998098924255945,0.005608054791723296,46.2,False
P05543,-4.274224800913414e-05,-0.003230983097519754,-0.01010406735810785,0.0,76.6,False
I3L107,-3.72065294444751e-05,-0.0006596016046951153,-0.013948975299046405,0.011860822871862785,61.0,False
Q7Z3V5,-7.504364471066765e-06,-0.00266101515513258,-0.016826689108646514,0.006796014926059547,56.8,False
H0Y954,-6.33388819594084e-06,-0.0005741021236662205,-0.007712466443150174,0.0058634897241633495,48.0,False
